condition,participant_id,group_id,topic,turn,public_message,agreementPreTreatment,agreementPostTreatment,sideAgreementPreTreatment,sideAgreementPostTreatment
human-human,4.0_pro,4.0,Should Animals Be Used For Scientific Research?,0,"Animals suffer tremendously and there are other means to test cosmetics, drugs, and the like. Animals aren't always the best catalysts for results. Animals cost money to feed, maintain by paying vet bills, house. Animals testing is cruel and antiquated as a testing method. Why not use humans instead and see how humans like pain, disfigurement, and suffering.",1,3,5,3
human-human,4.0_con,4.0,Should Animals Be Used For Scientific Research?,0,"I think that animals are sentient beings and should have some rights. I think that there is too much unneeded and unnecessary abuse of animals and we should learn to treat them better and give them more rights. this part will be controversial to some, but I believe any testing we do on animals should be done on convicted prisoners instead. we can use convicted murderers and rapists (only those with absolute proof of guilt). it would give us better results than testing on animals and it would further science more accurately. I also think that people need to be more mindful of animals spaces whether it is in nature or in their own homes. we need to find alternative ways to further research without harming innocent creatures. we need to find better ways that cau",5,4,5,4
human-human,5.0_pro,5.0,Are Social Media Making People Stupid?,0,"Yes, Social media is absolutely making people more stupid on the whole. People have learned not to think for themselves. They have learned to get all information on life from the internet and from watching videos, seeing articles on social media etc and assuming that the information they are being presented is true. They don't take the time to fact check themselves or the information that is being given to them and therefore begin to adopt beliefs that are not true and do not actually represent accurate depictions of certain events. ",5,5,1,1
human-human,5.0_con,5.0,Are Social Media Making People Stupid?,0,"Social media is not making people more stupid, but allows them to research topics and actually become smarter as they can interact better with those around them. Reasoning to show an example of this is how people who have not taken a traditional college or schooling route are able to make a lot of money without ever entering the working world. The idea of the influencer might seem somewhat disingenuous or vanity filled on the surface, but at the same time, it is a growing profession that can absolutely pay off as we have seen with many people. Social media is something that has taken giant steps and leaps to grow, and it will only do so because of its popularity and ability to focus on intellectual and sophisticated interaction, which then allows people to develop entrepreneurial skills. Therefore, the proof that social media is making people stupid is quite the opposite. It's making them smarter.  ",4,4,4,4
human-human,14.0_pro,14.0,Should the US Provide Military Aid to Ukraine in its Conflict With Russia?,0,The US should provide military aid to Ukraine against Russia for a number of reasons.  The first reason is a moral argument.  Russia is the aggressor country and is killing and raping innocent people.  They are targeting infrastructure and grain silos to try to freeze and starve Ukraine to death.  The US also was a signatory to the Buddhapist Accords which says that the US will agree to help Ukraine in it's defense for Ukraine giving up it's nuclear weapons.\n\nThe US has stockpiled tons of weapons during the Cold War in order to defeat Russia should there be a conflict between the two countries.  These weapons are close to being decomissioned which costs a lot of money.  It costs us less money to send these to Ukraine.,5,5,1,1
human-human,14.0_con,14.0,Should the US Provide Military Aid to Ukraine in its Conflict With Russia?,0,The war has already taken too long and too much of the US's money. The US has plenty of other issues that need dire attention at home first before spreading itself thin in Ukraine. Russia does not seem to be letting go and this war can end up costing America too much.,4,2,4,2
human-human,16.0_pro,16.0,Are Social Media Making People Stupid?,0,"I believe that social media is making people less intelligent. I think that as social media has become more prevalent in use, the age of use of social media has gotten lower and lower to the point where social media is now being used by children who should not be using it. Due to this, the children are using social media for large amounts of time. In my opinion, this time could be better spent practicing reading, math, and other skills they should be honing in school. Instead, most children with access to social media are using their devices much more than they should be. This is causing stunts in their development, which is literally contributing to them becoming less intelligent than the last generation. If someone uses their time to practice a skill versus looking at a screen for 30 minutes a day, believe the person practicing the skill would end up being more intelligent, and therefore I believe my argument is proven true.",3,5,3,1
human-human,16.0_con,16.0,Are Social Media Making People Stupid?,0,"Social media is not making people stupid. Social media provides individuals with more access to information that ever before. It allows them to talk to people all over the world. It allows them the ability to learn about anything they can think of. It gives them experience with different cultures, along with being able to hear different opinions and information. It allows them to engage with others on any topic and hear many different points of view. It provides a vast array of experiences that can make an individual more aware of the world at large. ",4,1,4,1
human-human,20.0_pro,20.0,Is Government Surveillance Necessary for National Security?,0,"The Government surveillance is necessary because it prevents crimes against the US and the citizens.  It prevents terrorism, espionage, and strengthens our security in our country.  The data is used to see patterns within the country to prevent bad things from happening.  In conclusion, government surveillance is a beneficial so American can be more secured and peaceful.",2,3,4,3
human-human,20.0_con,20.0,Is Government Surveillance Necessary for National Security?,0,"Government surveillance is not needed to provide national security, It would not work, it is impossible to watch over 300 million people 24/7 to a point where security is provided, the only way to accomplish that is with a police state which creates more problems than it solves. Look at the police states out in the world today. You have North Korea, wh",3,3,3,3
human-human,22.0_pro,22.0,Is Space Exploration a Worthwhile Investment for Humanity?,0,"I personally feel like Space Exploration is definitely worthwhile. We still don't know how big space really is and that alone is fascinating. We know now that Aliens are, in fact, real, and it could be great to actually see one and see how they work and think. Where do these Aliens come from? Do they speak and think like us? What do they know about space? It's a way to get more information if we find a way. It opens up the possibilities of other life beings, not just humans, animals, and aliens. What if giants exist too? Or fairies? Mermaids? We can easily start with space since we do have an American space program, as well as space programs in other countries. We can work together to figure this stuff out.",3,1,3,5
human-human,22.0_con,22.0,Is Space Exploration a Worthwhile Investment for Humanity?,0,There are cons to space exploration. space debris can be hazardous to astronauts and other satellites. There are risks such as radiation and potential for accidents which can cause loss of life. It costs a lot of money. A lot of money can be spent on a mission that fails quickly. This money could have been used to fund other issues. Some countries might use space as a means for war and miliatry operations. ,5,5,5,5
human-human,23.0_pro,23.0,Should the US Ban Fossil Fuels to Combat Climate Change?,0,"The US should ban fossil fuels as individuals' efforts to combat climate change might not be enough (recycling, using public transportation). While banning fossil fuels might not be sufficient for reversing climate change, it can make a difference in reducing the effects of climate change. Climate change needs to be combated on a individual, local, national, and corporate level to see real change. If not, future generations may not have a planet, biodiversity will decrease, and natural resources will continue to be depleted. The US should specifically have a responsibility as Americans tend to be significant emitters because of our lifestyle. ",4,4,2,2
human-human,23.0_con,23.0,Should the US Ban Fossil Fuels to Combat Climate Change?,0,"I do not think the US should completely ban Fossil Fuels to combat climate change because a sudden ban would cause trouble for the country, as the alternatives may not provide enough energy for our needs. A ban might be something for us to lean into, but a complete ban would be difficult to achieve.",3,2,3,2
human-human,26.0_pro,26.0,"Should Washington, DC, and Puerto Rico Be Granted US Statehood?",0,I think that having Washington DC and Puerto Rico become official states would be good for our country because it would provide an easier method for travel and less confusion. It would also be easier for people living in those places to acquire aid if needed. The newly formed states would also have an easier time procuring government benefits and help during times of need or when suffering national emergencies. Having additional states would also mean additional electoral votes during elections and better representation within our nat,3,3,3,3
human-human,26.0_con,26.0,"Should Washington, DC, and Puerto Rico Be Granted US Statehood?",0,"I disagree that Washington, DC, and Puerto Rico should be granted US Statehood. Puerto Rico is not a part of the US like Alaska or Hawaii; those are the only two states that are physically separated from the USA, and they became states over a hundred years ago. Puerto Rico did not have this upbringing, is not involved in the way our country functions in any way shape or form, and thus it does not need, nor should it have, US statehood. Washington and DC should not be granted US Statehood simply because they already have it. This is my stance on the matter.",5,2,5,2
human-human,27.0_pro,27.0,Should the US Provide Military Aid to Ukraine in its Conflict With Russia?,0,Putin and Russia invaded Ukraine without provocation and the US has a moral and strategic obligation to help the Ukrainian people defend itself against a hostile invader.  Helping Ukraine successfully defend itself against Putin will deter him from invading other neighboring countries in the future and avoiding destabilizing the region which could lead to  a potential World War.,2,2,4,4
human-human,27.0_con,27.0,Should the US Provide Military Aid to Ukraine in its Conflict With Russia?,0,"In my opinion, they should not provide aid. It is a waste of money and resources that could be used to help their own citizens that are struggling every day. On top of that, it is rather pointless to. Russia has an advantage and will eventually take over Ukraine in this conflict.  ",1,2,1,2
human-human,30.0_pro,30.0,Should Animals Be Used For Scientific Research?,0,"Animals should certainly be used for scientific research. The benefits of animal research are far-reaching, especially when it comes to searching for cures and treatments for disease. The use of animals gives researchers an ethical way to effectively test various treatments on living mammals that serve as stand-ins for their human counterparts. The results from these experiments are much more reliable than ""modeled"" research whose results may not be achieved in the real world.\n\nThere are ethical concerns - no animals should be mistreated or abused during the process. There should be no pain infl",4,5,2,1
human-human,30.0_con,30.0,Should Animals Be Used For Scientific Research?,0,"Animals are living beings that can feel pain.  They are unable to consent to their bodies being used for scientific research.  Their quality of life may be significantly reduced through being used for scientific research.  It's irrational to set different standards for how we treat people versus how we treat animals, because our souls don't get to choose the species of the Earthly vessels we inhabit.  Animals may be less capable of problem-solving and other types of advanced cognition compared to humans, but this doesn't necessarily mean that their experience of the world is less vivid, or less profound.  All living beings should be treated with respect and dignity, and animals should be included in that.  ",4,4,4,4
human-human,33.0_pro,33.0,Should the US Enact More Regulations to Ensure Fair Elections?,0,"Too many times there are reports of people voting multiple times, or people being paid to vote who are not a US citizens. Even dead people are voting these days. In order to ensure that our votes do count, we need to be sure that every vote is legitimate. Otherwise it's a cheating game and voting becomes worthless. Please consider at least verifying identity for all voters. One example of this cheating is that I am still receiving ballots for my grandmother who has been dead for 14 years. My dog has a Social Security number and I have registered her to vote!",4,2,2,4
human-human,33.0_con,33.0,Should the US Enact More Regulations to Ensure Fair Elections?,0,"Hi all, I would just like to say that this has been attempted before. Actually this very progressive idea was once the birthchild of Democrats. Hey leave it to Democrats to install common sense and fair policies right? Wrong! Jim Crowe laws were terrible ways in which racists wielded all the power in Southern states and now all the Southern states talk about is the economy. This will of course fail, because now one branch of the government, the executive branch, has all the power to regulate who gets to be regulated and who doesn't. Jim Crowe laws were repealed and restrictions were loosened via the Civil Rights Act of 1964. I would imagine anything new would be a challenge to this act. ",4,2,4,2
human-human,37.0_pro,37.0,Should Abortion Be Legal?,0,"Abortion should be legal because it has nothing to do with anyone except the woman. It is her body. She should be able to do what she wishes with it. The only thing that makes me against abortion is if the woman was just lazy or something and didn't want to use a condom. If you were raped, or having the baby is going to cost you your life, an abortion should be allowed. As I said it's a woman's right to do what she wants with her body. The government and anyone else should not have any say on what she does with her body. If they make that precedent then whose to say the government won't try and control more of a woman's body or even start to control a mans. In summary, there is no reason the government should have control over anyone's body.",5,5,1,1
human-human,37.0_con,37.0,Should Abortion Be Legal?,0,"I believe the biggest reason is of course the ending of human life. No one has that right and no one should ever have that right. While I do believe that things can happen to get a woman into a situation where she would not want to have a baby, such as whether it's financial, health wise, as sometimes a pregnancy can even trigger mental illness in some women, I don't believe two wrongs make a right. That baby had nothing to do with it's circumstances, and it is the one strictly being punished by the ending of a life. Take for example, a rape... Extremely horrible situation, but why does the baby have to end it's life for the horrible acts of the man that did it? Why does the man rot in prison, but keeps his life and is release normally to live among the law abiding citizens, while the innocent life of a baby that hasn't even had the chance to prove his/her worth's life is taken from it? Wrong",1,1,1,1
human-human,38.0_pro,38.0,Should Elected or Appointed Government Officials Be Paid the Minimum Wage?,0,I think everyone regardless of occupation deserves at least minimum wage. This is because of things like inflation and everything being higher the cost of living has gone up.,2,3,4,3
human-human,38.0_con,38.0,Should Elected or Appointed Government Officials Be Paid the Minimum Wage?,0,"If we want to attract government officials that are competent and intelligent, we need to pay them enough to support their families and not be susceptible to large bribes by lobbyists or other nefarious parties. If people in government are not paid well enough and cannot make ends meet, they are more likely to take money on the side.",3,1,3,1
human-human,43.0_pro,43.0,Should the US Have Mandatory National Service?,0,"My point are Mandatory national service could provide skills and also source of employment or empowering the youth. It can also bring people together both old and your, the rich and the poor. It also gives opportunity to interact with people ",5,2,1,4
human-human,43.0_con,43.0,Should the US Have Mandatory National Service?,0,Why should our young people be forced to fight the wars of politicians and corporations? We are not at war and conscripting young people is not a solution to our problems. Forced national servitude is little more than slavery. Let's not regress to that dark past.\n,1,1,1,1
human-human,46.0_pro,46.0,Should Elected or Appointed Government Officials Be Paid the Minimum Wage?,0,"The concept of the minimum wage has always been on the publics mind. Many government officials have strong opinions on this matter, some overwhelmingly against raising the minimum wage. However, if government positions were paid the minimum wage it would not only attract more people who will fight to make change, but it will also make the topic one that can be discussed by people actually experiencing it. For too long government officials have had the chance to make decisions on matters that do not directly impact them and that leads to an overall disconnect between the people and those chosen to serve. By having the officials experience the ",2,4,4,2
human-human,46.0_con,46.0,Should Elected or Appointed Government Officials Be Paid the Minimum Wage?,0,"It is difficult to promote paying government officials only minimum wage. One issue is the question of who would actually do the job for minimum wage, There are many other minimum wage jobs out there that are less stress and responsibility. Likely the position would attract people who are already wealthy through some means, and want the power of the position. It also wouldn't help corruption, as people desperate for money are likely going to be susceptible to bribes. The position would attract a very select group of people that don't represent most . The idealistic side of it that our officials should know what it's like to live on minimum wage is great, but the real problems that poses might be insurmountable. ",3,2,3,2
human-human,51.0_pro,51.0,Should Every Citizen Receive a Basic Income from the Government?,0,"If everyone has a basic minimum starting point, they will be able to invest this money to improve themselves and not need the money in the future.  They can become productive citizens and put some money back into the system.\n\nEveryone has unforeseen events that can put them into an economic slump where they need temporary help, and this income can be invaluable in these circumstances.",1,2,5,4
human-human,51.0_con,51.0,Should Every Citizen Receive a Basic Income from the Government?,0,"It shouldn't be the government's expectation to provide it's citizen with a form of income. People need to work toward achieving their own goals, financially and professionally. People receiving automatic income could result in less ambitious and goal oriented people, leading to more crime.",2,2,2,2
human-human,54.0_pro,54.0,Should Public College Be Tuition-Free?,0,"In the US there is an expectation that every person has the freedom to chart their own path, to forge their future. However, in our current system that is not possible. College education has always been gated off to those who are unable to afford it, and more importantly not even a guarantee of a lucrative career path. For those who wish to even try, must incur thousands of dollars in debt, even more for ""prestige"" colleges. Amounts of money that only a few majors could even have the chance at paying a salary to make incurring that debt financially worth the strain. ",5,3,1,3
human-human,54.0_con,54.0,Should Public College Be Tuition-Free?,0,"It costs money to send people to school. We have a huge debt burden in this country that will balloon if everyone goes to school without paying. If everyone goes and gets a degree, the value of the degree will fall as more and more people get them. If more people go to school we will have to build more infrastructure to teach them all. This will all come at a price that we can't afford right now.",5,4,5,4
human-human,62.0_pro,62.0,Should the Death Penalty Be Legal?,0,The death penalty should be legal. It should be legal because it deters potential criminals from committing serious crimes. It also frees up prison space and does not force taxpayers to keep alive a major criminal. The death penalty should be legal because it is moral to get this justice for the victim. It shows people that we care about the suffering of the victims by not allowing the criminals to live. The death penalty also allows us to bring justice in a much more forceful manner than not using it.,1,3,5,3
human-human,62.0_con,62.0,Should the Death Penalty Be Legal?,0,"The death penalty should not be legal. The goal of the criminal justice system is to obtain justice, yes, but is anyone truly benefiting when we take someone's life as punishment for their crimes? Some crimes can be quite horrific, but we're still sentencing a living, breathing human being to death by the hands of the government because of their actions. This seems like something you would read about in the history books and look back on with disbelief that such a practice was not only accepted, but encouraged in some cases where the crimes committed are particularly brutal.",4,4,4,4
human-human,63.0_pro,63.0,Is Arts Education as Important as Science and Math in Schools?,0,"The truth is that both science and math are essential tools for learning and understanding the world around us, and the arts play a significant role in helping students develop creative thinking and problem-solving skills.  Additionally, the arts can help students learn how to communicate and work in teams. Creative projects and performances can help students develop self-confidence and learn how to better express their thoughts and ideas. ",5,5,1,1
human-human,63.0_con,63.0,Is Arts Education as Important as Science and Math in Schools?,0,"Arts education is not as important as science and math in schools. Arts are fine as a diversion, but schools need to concentrate on science and math in order to produce well-educated students. Science and math are the foundation of successful adulthood. If science and math are made priorities, then arts education has a place afterward. For instance, one needs a basic understanding of",5,5,5,5
human-human,65.0_pro,65.0,Is Arts Education as Important as Science and Math in Schools?,0,From a self expression side of things and being able to have a creative outlet its just as essential. Arts still aid in development and skills for the future. ,2,4,4,2
human-human,65.0_con,65.0,Is Arts Education as Important as Science and Math in Schools?,0,Math and science are more important to study than art. Math and science are more connected to jobs that sustain human existence like medicine and engineering. Art has value in helping us understand life in a deeper way. This value isn't as much as math and science.  ,2,2,2,2
human-human,67.0_pro,67.0,Should the US Ban Fossil Fuels to Combat Climate Change?,0,"banning fossil fuels will cause sustainable methods such as solar, electric and wind energy to be used more, which in turn will lower the costs of using sustainable fuels and reduce the impact in global warming",3,3,3,3
human-human,67.0_con,67.0,Should the US Ban Fossil Fuels to Combat Climate Change?,0,"I would not want to ban fossil fuels but work to find an alternative option. Banning the fossil fuel seems a little harsh and a not smart choice. We have too many reasons to use fossil fuels at this point, we need gas, heat, petrolium products, all these every day. These things help to run our world until we find a better source for energy. If we removed all fossil fuel right now, most people would freeze to death in the winter season. When the power loss in Texas happened, many people suffered and some died from the cold. We cannot ban fossil fuel, we need to use it to its best potential and work to find a better answer so we can do the best for our planet.",2,2,2,2
human-human,69.0_pro,69.0,Should Students Have to Wear School Uniforms?,0,"School uniforms should be required as they level the playing field and make it so that students can focus on studies.  Without needing to worry about one's outfit, there are no separations into class structures based on income levels or preferences for interests, colors, or design patterns.  Children can still express themselves creatively during their off hours, but with school uniforms, students can focus on studying.  This also allows a student to separate school from leisure, which will allow them to enter ""work mode"" while learning and more effectively relax in their off hours, leading to a better school-life balance.  Requiring school uniforms also eliminates the burden of dress codes and various violations including rude or crude images or text, torn or dirty clothing, or clothing of inappropriate length or coverage.  While some students might complain, school uniforms can be a great way to instill order when it is necessary.",2,4,4,2
human-human,69.0_con,69.0,Should Students Have to Wear School Uniforms?,0,Students should not have to wear uniforms because this stifles creativity and self expression of individuals. Schools should develop a positive culture on something other than conformity. Schools should focus on cultivating an educational environment that values and nurtures the unique qualities of each student.,3,3,3,3
human-human,70.0_pro,70.0,Should the US Have Mandatory National Service?,0,"-This will instill a physical and emotional investment into the country, and therefore make citizens care more about the country.\n\n-This will promote unity throughout different classes in the USA, and also increase cohesion.\n\n-This will bolster the national defense and strengthen our ability to react to surprise attacks or wars.",1,2,5,4
human-human,70.0_con,70.0,Should the US Have Mandatory National Service?,0,"After the disaster of the Vietnam War, the United States should never again attempt to have mandatory service for anyone. During that time, young men were forced into service to fight an unnecessary and futile war that did not benefit our nation in any way. It would be foolish for citizens to trust the government not to misuse the draft in this way again. Prior to this conflict, citizens generally had faith that the draft would be used for critical missions, such as World War II. Vietnam saw young men killed, injured, and mentally destroyed for no good reason.",3,2,3,2
human-human,71.0_pro,71.0,Should the US Expand (“pack”) the Supreme Court?,0,"In my personal opinion, the Supreme Court should be maximized so that it would be as efficient as possible. The more efficient the Supreme Court is, the faster issues can be resolved. The more minds that are working in helping the Supreme Court make decisions, the more views and arguments we can hear in order to find solutions and avoid potential problems.",3,5,3,1
human-human,71.0_con,71.0,Should the US Expand (“pack”) the Supreme Court?,0,I don't think it's fair to pack the Supreme Court. It's obvious that the Democrats are upset that the conservatives on the Supreme Court have made choices that they don't agree with (over-turning Roe v Wade and ruling against affirmative action) and they want to gain the upper hand by expanding the Court. That's manipulative and unfair and sets a dangerous precedent.,1,1,1,1
human-human,73.0_pro,73.0,Should Elected or Appointed Government Officials Be Paid the Minimum Wage?,0,"This could be a positive, the fact that politicians stopped performing their duties on the side as a civil service and it has now become a path to becoming a millionaire has led to corruption.  They are no longer on the side of the good of the people, their are only aligned with their path to riches.  Making them take minimum wage would mean they have to have another career, then when they vote in congress it will be in favor of the common people...which they will be part of again, not the 1%. ",3,4,3,2
human-human,73.0_con,73.0,Should Elected or Appointed Government Officials Be Paid the Minimum Wage?,0,Elected and appointed government officials should not be paid the minimum wage because they represent the people and if they are paid more they will do better work for us. They should be motivated to do the best job that they can for Americans and what better way to motivate someone than with more money? If they are paid minimum wage they will be too worried about their financial struggles to focus on what they need to get done with their work in my opinion.,4,4,4,4
human-human,75.0_pro,75.0,Should the US Expand (“pack”) the Supreme Court?,0,I am pro-expansion. The Supreme Court should have a broader diversity of members to represent every citizen since a huge gap in different perspectives is causing great imbalance. Every community deserves to have a rightful representative in each governmental entity. ,2,2,4,4
human-human,75.0_con,75.0,Should the US Expand (“pack”) the Supreme Court?,0,"The US shouldn't Expand the Supreme Court. The proposal to expand the Supreme Court raises serious concerns about the institution's integrity, legitimacy, and long-term stability. Besides proponents may argue it's necessary to address perceived political imbalances, I contend that it is a dangerous move, one likely to backfire and cause lasting damage to the very principles it seeks to uphold.",5,5,5,5
human-human,76.0_pro,76.0,Should the US Have Mandatory National Service?,0,"I support making national service required in the United States. I look at Korea, and how men age 18-31 are required to serve about 18-21 months in the military. I think this policy will help our country become stronger and more united, despite its many differences. There are many more benefits of this kind of program than meets the eye. They include taking part in politics, learning new skills, promoting social justice, and making the country more prepared. It leads to a society that is better linked, skilled, and strong. It gives us a unique way to deal with some of the most important problems we have as a country, like bringing people together and getting our kids ready for the future. Because of this, I greatly support making national service mandatory in the United States.\n\n",4,4,2,2
human-human,76.0_con,76.0,Should the US Have Mandatory National Service?,0,"The US should not have mandatory national service. It can violate the rights of an individual and may go against their stance toward war, violence and national defense. The government shouldn't have that much control over the individu",2,3,2,3
human-human,78.0_pro,78.0,Should the Rich Pay More Taxes?,0,"It is important for everyone to pay their taxes. No one should be above the law, no matter how much money they make. Our society should be more than equal, there should be equity. The money that the rich have been avoiding in taxes could make a huge dent in helping to fund government agencies and help out those who are less fortunate. The more we are able to help those in need, the more they will be able to get their way out of poverty and be less of a burden on government systems.",5,5,1,1
human-human,78.0_con,78.0,Should the Rich Pay More Taxes?,0,The rich already contribute significantly to tax revenue. If they are taxed more they be more reluctant to start more businesses that would help the economy grow. They might also leave for areas that do not have as high taxes leading to economic hardship in some areas. ,4,4,4,4
human-human,79.0_pro,79.0,Is Government Surveillance Necessary for National Security?,0,Government surveillance used for National Security purposes has been around for years.  I believe it has bipartisan support in Congress.  It is monitored partially through the use of the FISA courts.  It has resulted in arguably a safer US.  Discontinuing is use would be a gift to our adversaries.  When it is supported in the 3 branches of government t needs to remain.,4,5,2,1
human-human,79.0_con,79.0,Is Government Surveillance Necessary for National Security?,0,"Government surveillance is not necessary for national security, and in fact proves counterproductive.  The greatest threat against America comes from the actions of lone actors, who can evade detection from necessarily broad-focused surveillance technologies.  Moreover, the act of surveilling its own citizens more intensely creates an atmosphere of distrust, itself exacerbating tensions in this country.  I'm also not convinced that America would be skillful at surveilling its citizens to detect threats.  We have not been able to detect complex plots in the past.  Moreover, some agencies, like the CIA, are not allowed to spy on domestic persons, by law.  Lastly, the utility of surveillance would come from its analysis.  Who would sift through mountains of data (much of which the government already has access to)?  How would they make threat determinations?  How could they act preemptively against perceived threats?  I don't see our security apparatus as able to carry out thees missions iwth available resources.",2,1,2,1
human-human,80.0_pro,80.0,Is Online Learning a Suitable Replacement for Traditional In-Person Education?,0,I believe that online learning is a suitable replacement for traditional in person education as I believe that the learner loses very little compared to in person. I believe as long as their is a willful student that they will successfully learn as much as they would in person. I believe that an online learner will feel more comfortable online as they don't have to worry about  outside distractions. I also believe that online learning gathers much faster information as you don't need to rely on an in-person teacher. I also believe going at one's own pace and not being forced to match the teacher's lesson will allow the student to absorb the knowledge they seek instead of going out one ear onto the next.,2,3,4,3
human-human,80.0_con,80.0,Is Online Learning a Suitable Replacement for Traditional In-Person Education?,0,"I am against online learning as it precludes the person was an intersocial opportunities. Being able to hear and appreciate other opinions is an important part of education. Also, in person teaching often involves more critical situations than online, means you also learn to deal with criticism. Perhaps the main benefit is the benefit from diversity and being exposed to those outside your ""bubble"". Online learning is often self paid and the emphasis is sometimes trying to make the consumer satisfied over teaching the consumer learning techniques. ",5,5,5,5
human-human,81.0_pro,81.0,"Should Washington, DC, and Puerto Rico Be Granted US Statehood?",0,"I believe that both Washington, DC. and Puerto Rico should be granted US statehood because giving them full statehood would ensure equal representation and rights for their residents which aligns with the principles of democracy and inclusion which is what the United States is all about. It could also economically benefit the country as a whole. It could boost their economies which would benefit everyone.",4,4,2,2
human-human,81.0_con,81.0,"Should Washington, DC, and Puerto Rico Be Granted US Statehood?",0,"We've been established as having 50 states for many years. We have songs based on the 50 US States. We have all that we need already. Washington D.C. is not big enough to be considered a state. It's essentially a large town. It should join Delaware, Maryland, and/or Virginia and become a city in one of those states. The same fro Puerto Rico; it should be apart of a southern state. It is not easy to get to Puerto Rico. ",3,4,3,4
human-human,84.0_pro,84.0,Should There Be Standardized Testing in Schools?,0,"Standardized testing, when implemented correctly and following recommendations from educational and psychological sciences, is an invaluable tool for benchmarking, enriching, and personalizing education. Standardized testing provides a uniform metric by which to assess whether students are learning the content they need to and whether they are developing the soft skills like critical thinking and analytical problem solving to apply the content they've learned to problem solving. Because of this, standardized tests can help schools evaluate progress and identify areas for improvement at the state, district, school, class, classroom, and individual level. If standardized testing is used as this sort of benchmark to proactively adapt educational strategies so that students master the hard and soft skills they need to acquire at each grade level, then it is an invaluable tool for streamlining a student's educational experience and for promotion educational opportunity.",3,3,3,3
human-human,84.0_con,84.0,Should There Be Standardized Testing in Schools?,0,The stady should be a standard \nThe students should know the logical knowledge for everyday decisions and experiences\nTHe rest should be learning by making mistakes and never to repeat those mistakes\nJobs will teach new experiences,4,4,4,4
human-human,88.0_pro,88.0,Should the US Expand (“pack”) the Supreme Court?,0,"The court is not large enough to represent the views and opinions of the entire United States. We have a large Congress, why not a Supreme Court, too?",5,5,1,1
human-human,88.0_con,88.0,Should the US Expand (“pack”) the Supreme Court?,0,The US Expand shouldn't pack the Supreme Court because the President will have to spend a lot more time when it comes to ranking each individual person. The president would spend a lot more time when it comes to nominations which will also add a bunch of unneeded biases as well. An example is that a court packing has already failed in the US ,1,3,1,3
human-human,91.0_pro,91.0,Should the US Keep Using the Electoral College in Presidential Elections?,0,"The electoral college is a cornerstone of the American society and the democratic process. It's not an ideal system, but it gives voices equally to everyone involved. No voices are left out. There is no real reason to actually remove it. Maybe it does require some improvements, but it has shown that it is a useful tool in deciding who we must allow into the office.",3,3,3,3
human-human,91.0_con,91.0,Should the US Keep Using the Electoral College in Presidential Elections?,0,"The Electoral College is a holdover from days that are no longer relevant to our modern society. It's a system that takes away the voice from people in many states, and drives them away from the polls because they feel their voice doesn't matter. this could be on either side of the aisle, as Republicans and Democrats in states like California would feel their voice isn't important and doesn't count as the states are already decided.",4,3,4,3
human-human,93.0_pro,93.0,Is Arts Education as Important as Science and Math in Schools?,0,"Arts Education is as important as science and math in schools because it helps provide students with a well-rounded education overall. Whether it's sculpting, painting, or drawing, art enables people to experiment with new ideas and materials. In addition to improving their artistic skills, this creative freedom also affects other areas of their lives, enabling them to approach problem-solving with an open mind. Students learn basic skills and become more dexterous. Additionally, students read texts and study works of art from all different cultures and perspectives throughout human time on the Earth. Giving students access to these imaginative activities at a young age will aid in their development. Imaginative activities for young learners can lead to better skills in social interactions and emotional regulation. Lessons in the arts introduce K-12 students to problem-solving techniques, which help them to see the world in new ways, and provide access to creative ways of knowing. Children will be more stimulated and exercise their brains better by coloring or making art by hand in comparison to watching a video on an iPad at the dinner table.",4,4,2,2
human-human,93.0_con,93.0,Is Arts Education as Important as Science and Math in Schools?,0,"Arts education is not as important as science and math, because the implications of gaining more knowledge in science/math are of greater weight than that of art. For example, scientific discovery can treat disease, and help us live healthier lives. While art can be beautiful and inspiring, there are lots of beautiful things in nature already. Math and science can enhance civilization. ",2,3,2,3
human-human,97.0_pro,97.0,Should Governments Have the Right to Censor the Internet?,0,"There have been too many examples of hate filled and dangerous speech on the internet. Since users are anonymous, it's never clear who are real people and who are AI bots. i neither case, the internet is too potentially dangerous to go unchecked. Government has a responsibility to censor content to protect citizens from harm. It needs to be done carefully, but is needed.",5,5,1,1
human-human,97.0_con,97.0,Should Governments Have the Right to Censor the Internet?,0,"The government should not have the right to censor the internet because we live in a country that has freedom of speech as a basic right. People should be free to say whatever they want on the internet, even if it is false or misleading. It is up to others to determine whether or not they want to believe what you say. It is not up to government to do this for them. Freedom of speech is a very important basic right that all citizens of America have and it should not be taken away by government censors. I may be wrong in what I say, but I have the right to believe what's wrong if I want to. ",4,4,4,4
human-human,100.0_pro,100.0,Should Every Citizen Receive a Basic Income from the Government?,0,"I believe every citizen should receive a basic income from the government. This is their basic human right. Most governments are wealthy enough to afford this. When citizens are unable to meet their basic needs for whatever reason, this negatively affects the proper functioning of the society/economy. \nIt provides eq",3,3,3,3
human-human,100.0_con,100.0,Should Every Citizen Receive a Basic Income from the Government?,0,"They should not receive any income since the government will most likely try take something away in return for the assistance. For example, even though everyone will get a basic income, taxes will probably be increased for everyone since it will be a substantial amount of money to keep funding this  idea. It will also teach people to expect a handout rather than work hard and fight for your dreams and ambitions. ",2,4,2,4
human-human,104.0_pro,104.0,Should There Be Standardized Testing in Schools?,0,"There should be standardize testing in schools.\n\nSchools need to continously improve.\n    1. Benchmark data is incredibly valuable for determining the effectiveness of schools.\n        a. state-to-state comparisons\n        b. district-to-district comparisons \nTrends can pinpoint \n     2. teacher training needs\n     3. areas of curriculum reform\n     4. areas where tartegeted support for students and families would be most valuable\nWithout comparative data, improvement is less",4,4,2,2
human-human,104.0_con,104.0,Should There Be Standardized Testing in Schools?,0,"With a standardized testing model, schools are forced to ""teach to the test."" This homogenizes the learning experience and prevents creativity and joy in learning. It's boring for both teacher and student.  Some might argue that standardized testing is a necessary evil because how do you educate a country without standards? And yet it is patently clear that many people grow up without a solid education. When learning is rote and boring, information is not retained and learning iself will not be lifelong.",4,3,4,3
human-human,111.0_pro,111.0,Should Students Have to Wear School Uniforms?,0,"Students are less susceptible to bullying and being made fun of when all kids are wearing the same thing. Some elements of style, fashion, and materialism are present when students are able to choose what to wear. A uniform would make that consistent for all. Also, this eliminates the ambiguity to dress code violations (logos, short/skirt length, tanktop straps, etc..). In conclusion a uniform makes apparrel and standards consistent for all students. ",5,3,1,3
human-human,111.0_con,111.0,Should Students Have to Wear School Uniforms?,0,The cons of wearing uniforms in school are you cant show who you really are. Everyone looks the same and you cant be yourself. Some people like certain styles of clothing and you cant get that with uniforms. I believe it can block the creativity of students. ,3,5,3,5
human-human,113.0_pro,113.0,Should there be Mandatory Quotas for Women in Leadership Positions?,0,"Hello.  I take the position that there should be mandatory quotas for women in leadership.  I have worked for publicly listed corporations for my entire career and I can assure you there is a glass ceiling for women at the leadership level.  This is largely due to the misconceptions men in leadership have toward women and their bias to work with each other rather than women.  These statistics over the last 40 years back up my opening statement.  There is a vast need for more diversity and equity when it comes to women women in leadership positions, whether private industry or public sectors.  Mandatory quotas will solve this problem.",1,2,5,4
human-human,113.0_con,113.0,Should there be Mandatory Quotas for Women in Leadership Positions?,0,"I do not believe that there should be mandatory quotas for any race, gender, etc. in leadership positions. I think people should be promoted based on their experience, quality of work, etc. If there is one woman and one man up for a leadership position, the person who has worked harder and is more qualified for the job should get promoted. It's unfair to pass up the best candidate because a quota has to be filled. You would think as a woman, I would be all for quotas, however I just don't think hiring someone because of their gender is fair. The world should be as follows: If you want to be promoted into a leadership position at your job, you should work hard and show the higher ups that you are the right person for the job. If there were quotas, it may make the women up for the position not work as hard because they believe they have an advantage just by being a women. This could lead to a lower quality of work which in turn, hurts the business in the long run.",1,3,1,3
human-human,114.0_pro,114.0,Should the Penny Stay in Circulation?,0,"We need the pennies. Why? If we didn't have pennies how would the change be made for odd amounts in purchases? I feel doing away with pennies would just give merchants an excuse to round up prices to an amount that will create a total that would not require pennies in the transaction. God knows we are paying so much more these days, we don't need to cause an increase, no matter how small, that will cost us all more when we make  purchase.",4,4,2,2
human-human,114.0_con,114.0,Should the Penny Stay in Circulation?,0,"The penny should not stay in circulation because it is virtually useless in today's society. Most Americans today rely on virtual currency or debit and credit cards. They simply do not need loose pennies to conduct their daily transactions. \n\nAlso, many people today do not even like carrying around pennies. They lose them or simply throw them away. Using pennies waste time and causes delays in customer transactions in retail. It also causes long lines because people have to wait for the cashier or customer to simply count out pennies. More time and energy could be saved if we transitioned to purely virtual currency and stopped circulating pennies.\n\nLastly, our government and businesses could save lots of time and cut down on labor costs. And it's less waste on the st",4,3,4,3
human-human,121.0_pro,121.0,Should the Rich Pay More Taxes?,0,"Our taxes collectively fund public services and infrastructure. The very rich are using those services and infrastructure at a higher rate than the poor - they rely on public schools to educate their workers and public roads to deliver their goods, for instance. They may rely on public funding to subsidize the very little they pay their workers. This higher use necessitates higher taxes. They cannot get all the benefit without paying an equal share of the cost. That model is unsustainable, and will eventually lead to a collapse of the system.",5,5,1,1
human-human,121.0_con,121.0,Should the Rich Pay More Taxes?,0,The rich should pay taxes as well as the poor middle class because it would lift people out poverty provide childcare  poverty will decrease and quality of life would increase,5,2,5,2
human-human,125.0_pro,125.0,Should Governments Have the Right to Censor the Internet?,0,The government should have the right to remove sensitive pieces of information that are illegal or confidential to stop people from having access to them. People keep leaking military schematics on the World of Tanks forums and those are government secrets that they don't want other militaries to have access to. The government has the right to remove those posts.,1,3,5,3
human-human,125.0_con,125.0,Should Governments Have the Right to Censor the Internet?,0,"The United States has governing parties that control on the town level, the state level, and on the national level. Laws are in some ways based on geographic location--laws are created to fits the needs of people based on where they are located. The internet is obviously not a physical location. The laws that pertain to US citizens are not applicable in the online space--it is an entirely different realm.\n\nWhen a person or entity posts online, creates a website, or engages with content, their actions do not fall under the dominion of US law. Stating your opinion online is a personal act that is outside the realm of the US ju",3,5,3,5
human-human,127.0_pro,127.0,Should Felons Regain the Right to Vote?,0,"Felons should regain the Right to Vote if they have served their time. They still have to pay taxes, bills, and contribute to society, so why would their voice not matter in how our society is run? Felons who have served time and been freed shouldn't be punished still by society. Their voice matters just as much as someone who hasn't been convicted of a felony. We cannot expect felons to come back into society and do everything the right way with less privileges than those who may have committed the same crime but got a lesser charge. ",5,5,1,1
human-human,127.0_con,127.0,Should Felons Regain the Right to Vote?,0,They are citizens and have spent their time for their crime and should be given all the rights they had before they were convicted.  Why shouldn't a person be allowed to vote if they are convicted of a felon? They are still a person and a citizen . Now if they have committed a murder or other heinous crime then maybe they shouldn't be allowed to vote but otherwise it makes no sense to not allow them to vote .,5,4,5,4
human-human,132.0_pro,132.0,Is Space Exploration a Worthwhile Investment for Humanity?,0,"Space exploration is a worthwhile investment for mankind. For one thing, the investment doesn't cost nearly as much as people think it does. Only .3% of the spending budget was allocated to NASA in 2020 and with that miniscule amount, progress has been made. In addition, investing in space exploration has a positive effect on the economy, providing many jobs for many Americans. Furthermore space exploration may end up having a positive effect on humanity should problems ever escalate on Earth to the point of inhabitation. ",3,3,3,3
human-human,132.0_con,132.0,Is Space Exploration a Worthwhile Investment for Humanity?,0,"Some contend that the emphasis on space exploration reflects a skewed perspective, diverting attention away from the planet's urgent issues. The argument is that humanity should prioritize understanding and resolving problems on Earth before venturing into space so as not to regret.",4,5,4,5
human-human,136.0_pro,136.0,Should the US Keep Using the Electoral College in Presidential Elections?,0,"Hi, I think the Electoral College works because it worked in the past. I also think it is a good way to ensure democracy has been implemented relatively for the country. It offers a way to select a president fairly so that no one can interfere with the process. It makes both parties agree on the result without ever fighting the consequences. So far, it is a fair process that works for the political system. That is why I think the US should keep using the Electoral College in Presidential Elections and continue using it.",3,2,3,4
human-human,136.0_con,136.0,Should the US Keep Using the Electoral College in Presidential Elections?,0,i believe the elctoral college needs to be abolished. it is dumb that we dont decide elections by popular vote instead of giving disproportiate numbers of votes to certain states. the system is rigged. it is not a true democracy if the majority of the peoples voice is not heard.,1,5,1,5
human-human,144.0_pro,144.0,Should Felons Regain the Right to Vote?,0,"There are certain instances where felons should morally be given a right to vote. These instances are few and far between, but they definitely are there. Some felons have a change of heart and even convert to faith during their imprisonment. These individuals are then not the same that they were before, and are able to contribute in a meaningful way to community again. There are programs that provide training and counseling in prisons that rehabilitate prisoners to begin a new life that is vastly different than the one that they led before. Finally, there are a very few felons that may have committed a felony for a good reason, (i.e. to protect a family member or to prevent a catastrophe). In those cases, the individual's ability to vote in a beneficial manner has never been violated. ",1,2,5,4
human-human,144.0_con,144.0,Should Felons Regain the Right to Vote?,0,Said person committed a crime and even if and when they are released they have lost that right to vote. They did something that sent them to prison and it was something bad enough they lost the right to help decide what should happen in the community and country they live in. ,5,5,5,5
human-human,145.0_pro,145.0,Should Students Have to Wear School Uniforms?,0,"Uniforms are simple for every student to wear, are all consistent and no student has to worry about whether or not they have the expensive clothes.  Students also don't have to worry about picking out their clothes for the next day so they are more likely to be on time to school for learning and not rushed out the door.",1,3,5,3
human-human,145.0_con,145.0,Should Students Have to Wear School Uniforms?,0,"Students should not have to wear school uniforms. Although this is a well-intentioned gesture it can also backfire. First of all, there is the expense of the uniforms. There is also the day-to-day upkeep of the uniforms. Parents who are of limited means may find it burdensome to not only have to buy the uniforms but also to have to launder them and otherwise keep them clean and spotless. Also, these days, there is pervasive childhood overweight and obesity, and uniforms may not be flattering for all body types. This is an unfortunate reality. Some students may feel very awkward and uncomfortable in uniforms for this, and for other reasons. This may have a deleterious effect on their concentration and focus on schoolwork. School uniforms may have been beneficial in bygone days, but they may cause more problems than they attempt to solve. ",5,5,5,5
human-human,146.0_pro,146.0,Should Animals Be Used For Scientific Research?,0,"Animals should be used for research and the reasons are as follows:\nFirstly, the safety of the experiment: the safety of the experiment is very crucial and is unknown hence if used on a human first, can result in death. Secondly, many animals are biologically similar  to humans. For examples are considered to be genetically similar to humans and can be used for the research.  These researches if not",5,3,1,3
human-human,146.0_con,146.0,Should Animals Be Used For Scientific Research?,0,"Animals are sentient beings and are fully emotionally and physically impacted by scientific testing and experimental usage for human benefit.  It is abusive and immoral to use them in this way.  We are lesser beings for exploiting them for our gains.  Unless this work can be done humanely or with human volunteers, it is morally wrong to continue.  There is an awakening concerning this topic.  The brutality must end if we are to be ",1,1,1,1
human-human,150.0_pro,150.0,Should the US Ban Fossil Fuels to Combat Climate Change?,0,"The US should definitely ban fossil fuels to combat climate change.  The longer we make excuses not to do so, the more irreversible damage is being done to the planet.  Fossil fuels and their respective industries are making massive profits at the expense of our planet and its current and future generations.  This transformation would bring valuable jobs to the economy and put us on a path to a cleaner energy future.  It's time to stop making excuses and do what needs to be done.  ",2,3,4,3
human-human,150.0_con,150.0,Should the US Ban Fossil Fuels to Combat Climate Change?,0,Fossil fuels have been blamed for climate change but I think they share the blame with other factors. I think there are other ways to combat climate change.,2,2,2,2
human-human,156.0_pro,156.0,Is Arts Education as Important as Science and Math in Schools?,0,Arts are important because they encourage creativity and promote cultural diversity. These traits are important in the development of individuals and society as a whole.,2,2,4,4
human-human,156.0_con,156.0,Is Arts Education as Important as Science and Math in Schools?,0,"Science and math education equips students with skills that can actually be applied to real world situations. We heavily rely on technology, and science and math is just more practical. These also help with standardized testing much better than more creative education, meaning the student can get set up much better for their future. With how little schools get as far as resources, it just makes more sense to focus on what will help the students get better results.",5,1,5,1
human-human,157.0_pro,157.0,Should the Death Penalty Be Legal?,0,"Unfortunately, there are some people in this country that commit horrible crimes. More severe that some people are able to bear. Heinous crimes require heinous punishments, especially if there are victims that suffered due to this awful criminal activity. Their loved ones have to live on and knowing that the person who took their family away will never do it to anyone else is sometimes the only thing we can give them. The death penalty is sometimes needed to resolve terrible actions. ",1,1,5,5
human-human,157.0_con,157.0,Should the Death Penalty Be Legal?,0,"It should not be legal because only God should determine who lives and who dies and not another human. Also there could be severe consequences for anyone that carries out the execution. Death can come right back to you. So, people need to think twice before they choose to end someone's life. ",5,3,5,3
human-human,161.0_pro,161.0,Should Abortion Be Legal?,0,"I think abortion should be legal because a woman should always have bodily autonomy. No one else is obliged to use her body without her permission. Oftentimes, pro life arguments will be in accordance to someone's religious beliefs, however in The Bible it says life begins at first breath. That means life does not begin until the baby is actually born. However, late term abortions should only be performed if there is risk to the mother or the baby is not viable. Otherwise abortions in the first trimester should be legal.",5,5,1,1
human-human,161.0_con,161.0,Should Abortion Be Legal?,0,"The wording is odd. As I understand it I'm arguing that abortion should NOT be legal.\n\nI have a strong moral belief - it is integral to my well-being to maintain it - that abortion is the murder of an innocent child. Regardless of the reason, a life has been created. It is against all we hold good and right that nobody has the right to end someone else's life. Once sperm meets egg, someone else has been created and that person has a life. Nobody has the right to take that away.\n\nThis life may not be aware of its surroundings, perhaps cannot perceive anything or feel emotion, but that doesn't matter. It's alive, and that life belongs to it, not you.\n\nSince I believe it's murder, the killing of an unborn person, I don't think you can persuade me by describing the wants and needs of other people, parents or not. You can't kill innocent people, and you can't convince me this isn't an alive person.",3,5,3,5
human-human,165.0_pro,165.0,Should Governments Have the Right to Censor the Internet?,0,I strongly believe people should be able to freely speak their minds and disagree with others and openly discuss things but I also think the government has a duty to protect its citizens against hate speech and threats on the internet just like they would in real life. ,4,3,2,3
human-human,165.0_con,165.0,Should Governments Have the Right to Censor the Internet?,0,I think that governments should not have the right to censor the internet because it takes away valuable perspectives and insights from the public forum. Having this type of government would result in society becoming like places similar to North Korea where people are only allowed to express views that the government approves of and people who express views outside of what is approved by the government get punished very harshly. I don't think society would be a safe place if this type of censorship was allowed,1,1,1,1
human-human,171.0_pro,171.0,Should there be International Agreements to Enforce Global Climate Change Policies?,0,"It's been made clear that most entities, be it companies or nations, will not voluntarily do things that aren't in their best financial interest.  It's 100% necessary for there to be an incentive to fight climate change, or a negative incentive for not doing it.  The only way to get countries to follow these policies is for a strong agreement with real consequences for nations that don't follow it.",5,5,1,1
human-human,171.0_con,171.0,Should there be International Agreements to Enforce Global Climate Change Policies?,0,"This is just another money grab, we have been hearing how climate change is going to end the world for the last 100. We should not have any agreements within our own country let alone internationally. The Liberal governments keep pushing this agenda so people like me in the middle class keep paying taxes for all of there green programs. The climate is changing, because earth is always changing. We are playing a very small part in the climate changing",1,3,1,3
human-human,172.0_pro,172.0,Should the Penny Stay in Circulation?,0,"1. The penny helps keep pricing more precise and helps to avoid inaccurate pricing and overpricing of goods.\n2. The use of the penny helps improve overall contribution to charities. Many people may not want to donate more than a penny, so this will help keep contributions up.\n3. The penny has historical significance, as it has been around for the majority of the time the country of the USA has been established.\n4. It is more cost-efficient to produce than the next highest denomination, the nickel.",4,3,2,3
human-human,172.0_con,172.0,Should the Penny Stay in Circulation?,0,"The penny costs 2.72 cents to make. Also the world is going digital so having change is becoming less prevalent. Most people are paying by card so it will eventually become a waste. Also most people dont even use pennies, they just get put into their cars or thrown onto sidewalks. The penny also isnt made of good materials.",3,3,3,3
human-human,175.0_pro,175.0,Should the US Enact More Regulations to Ensure Fair Elections?,0,"There should be more regulations on elections to ensure fairness. The reasoning for that relates to election interference via poll workers, potential issues with hacking election computers, and a lack of voting opportunities for some communities. \n\nNot all poll workers can be trusted, and regulations on who can work the polls would ensure a more fair election. Opposing countries to the United States could also meddle with polling via computer hacking. There needs to be stronger regulation on how ballots are counted to hopefully avoid that issue entirely.\n\nLastly, certain places don't have access to polling like other places do. This can lead to unfair election outcomes simply by access means.",4,5,2,1
human-human,175.0_con,175.0,Should the US Enact More Regulations to Ensure Fair Elections?,0,"The US does not need to include any more regulations for the election process. Voting is a part of the American citizen experience and any further regulations could prevent citizens from using their voice to partake in elections. There is no reason to enforce any more regulations that could take away from the election process and skew election results. As long as you are registered to vote, you are part of the democratic process that is elections. ",4,3,4,3
human-human,176.0_pro,176.0,Is Government Surveillance Necessary for National Security?,0,"National security is of utmost importance. With the rise of terrorist attacks, we need to be sure we can be kept safe. If we are doing what we are supposed to be doing as citizens of the country, then we should not have to worry about the government checking in with us. There are many attacks that could have been prevented if the government had the ability to check in with us and make sure we aren't up to nefarious activities. Just as parents protect and look after their children, the government has the right to look after us to ensure our safety and security. ",1,1,5,5
human-human,176.0_con,176.0,Is Government Surveillance Necessary for National Security?,0,"I believe that every US citizen has a right to privacy.  An acquaintance recently was charged with selling  prescription drugs and there was a year long investigation.  I have known this person for approximately one year.  We text and were previously friends on facebook.  Because he is being investigated does not mean anyone should have access to my texts, phone calls, or conversations on facebook.  \nIf the government picks up certain ""buzzwords"" in conversation, it should not give them the right to listen to entire private conversations.  We should not be living under Big Brother's watchful eye.  We are still Americans with rights.",4,4,4,4
human-human,177.0_pro,177.0,Should There Be Standardized Testing in Schools?,0,"As a current teacher standardized tests will ensure you have equal representation of test scores. It will make it easier to streamline results. It could serve as a starting point for student a etc. to see what they know. And develop lessons based on those scores. Also if a family moves, they have a starting point. They have the scores that can be used in any state. Every student is tested over the same kinds of information. SO it creates cohesion and unity. Its not different from state to the next. Makes the whole school system flow a lot easier this way.",2,3,4,3
human-human,177.0_con,177.0,Should There Be Standardized Testing in Schools?,0,"Standardized testing can do much more harm than good, and here are some ways: it can set an unfair standard for students who learn slower or are a bit more behind than the other students. This can cause unnecessary anxiety and depression. The tests have no natural way to measure progress; those with better memories can do better than those who learn at a slower pace. They also need to consider different learning styles that students may have and, in this way, DO NOT measure academic proficiency. Finally, many of the questions on the test have no relevance to the material taught by the teacher and are random questions the student may have never seen before. ",5,2,5,2
human-human,179.0_pro,179.0,Should there be International Agreements to Enforce Global Climate Change Policies?,0,"There should be international agreements to enforce global climate change policies because it would only benefit the world as a whole going in the future. Putting all of the world’s social problems aside, it is of upmost importance that the world comes together and implements an international agreement that enforces global climate change to save the environment going forward. Over time, the world had seen an increase in the negative effects of global climate change. These effects on the environment are extremely negative and need to be taken into consideration when assessing the health of the planet. Overall, international agreements need to be enforced regarding climate change so that the environment can change for the better and human ",5,5,1,1
human-human,179.0_con,179.0,Should there be International Agreements to Enforce Global Climate Change Policies?,0,"International agreements to enforce global climate change are not applicable to our current political climate. We are unable to regulate such enforcements world-wide. Additionally, we would be giving up our right to create our own conditions within our own separate nations. I support instead, agreements that span the allied powers. This will allow us to embark on a new Environmental journey. We will be able decide (amongst the allied powers) industry practices and standards to implement ",5,3,5,3
human-human,186.0_pro,186.0,Should Colleges Consider Race as a Factor in Admissions to Ensure Diversity?,0,"As an advocate for considering race in college admissions to ensure diversity, I firmly believe in the value of a diverse educational environment. From my perspective, when colleges include race as one of the factors in their admissions process, it's not just about numbers or meeting quotas; it’s about enriching the educational experience for everyone.\n\nI've seen firsthand how diverse classrooms lead to more dynamic and comprehensive discussions. In an increasingly globalized world, being exposed to a variety of perspectives and backgrounds is essential. It prepares us not just academically, but also socially, for the real world where we will interact with people from all walks of life.\n\nMoreover, it's important to acknowledge the historical context. For decades, certain racial and ethnic groups have been underrepresented in higher education due to systemic barriers and inequalities. By considering race in admissions, colleges can play a role in leveling the playing field and offering opportunities to those who have been historically marginalized.\n\nThis isn't just about benefiting minority students; it's about benefiting all students. When we interact with people who are different from us, we learn tolerance, empathy, and gain a broader understanding of the world. It prepares us to be better leaders, innovators, and citizens.\n\nFinally, the legal framework in many places, including the U.S. Supreme Court, has recognized the importance of diversity in education and upheld the limited use of race as a factor in admissions. This is a testament to the value our society places on diversity as a crucial component of education.",3,3,3,3
human-human,186.0_con,186.0,Should Colleges Consider Race as a Factor in Admissions to Ensure Diversity?,0,"It may perpetuate discrimination by treating individuals differently based on their race. Admissions should focus on merit and individual achievements rather than factors beyond an applicant's control. A truly diverse and equitable system should prioritize socioeconomic factors, ensuring opportunities for underprivileged individuals, rather than solely relying on race as a diversity indicator",4,4,4,4
human-human,191.0_pro,191.0,Is Online Learning a Suitable Replacement for Traditional In-Person Education?,0,"An online learning suitable replacement for traditional in person education, is a great choice because it will help change the old way of education. By adding a modernized way to learning e.g using softwa",5,5,1,1
human-human,191.0_con,191.0,Is Online Learning a Suitable Replacement for Traditional In-Person Education?,0,"In person learning is the greatest for education.  A person will form relationships that will help them become a better person.  When learning in person, the student is better focused and begins to learn about social aspects of learning.  In person learning helps students focus on one task at hand which is learning with no other distractions.",3,3,3,3
human-human,197.0_pro,197.0,Is Government Surveillance Necessary for National Security?,0,I think government surveillance is necessary for national security.  It's important to protect people.  It will deter crime and help solve cases.  It's important to keep everyone safe.,3,3,3,3
human-human,197.0_con,197.0,Is Government Surveillance Necessary for National Security?,0,"It's not really necessary to have to have government surveillance for national security because most people have surveillance cameras on their own property mostly nowadays. They have cameras set up so that the actual action goes right to their phones and that's their immediate proof to the police if something is going on to report. All major companies have cameras set up on their properties, and not just because of theft, but because they watch their workers to make sure that they are safe or if they need corrected for doing something wrong already. As far as our military, they are equipped with things to protect us and them and I'm sure that they have cameras set up everywhere. So, the answer is no, it's not necessary for national security.",5,5,5,5
human-human,200.0_pro,200.0,Should Students Have to Wear School Uniforms?,0,School uniforms provide everyone with the same opportunities in how they present themselves. Lower-income students can worry less about what they're wearing in comparison to their peers who come from families with more money. It also helps the school appear more professional and respectful.,2,3,4,3
human-human,200.0_con,200.0,Should Students Have to Wear School Uniforms?,0,"I think it is completely unnecessary and probably unsanitary. Think about it. One pair of clothes. How many times is that uniform going to be washed? For one thing, it is going to drive down sales in clothing. Mostly I am against it because it restricts students' freedom of choice, in this case, their freedom to wear whatever they want. Don't get me wrong  I'm all for school uniforms in private schools but I don't think we should be forcing it in public schools. Our uniforms more expensive than street clothes?",1,2,1,2
human-human,201.0_pro,201.0,Should the Penny Stay in Circulation?,0,"The penny is well-integrated into the fabric of this country. It's a part of its history as well as the economy. Taking it away will make it easier for business to charge more for products, leaving many people in a worse and worse financial situation. The process of switching to a penniless society will also be an enormous drain for businesses large and small, both financially and with time expenditure. There will be little positive return for the enormous upheaval for such change. It simply isn't worth it.",4,4,2,2
human-human,201.0_con,201.0,Should the Penny Stay in Circulation?,0,"The penny, the one cent coin, is unnecessary in today's day and age. First of all, recent years have showed a drastic change from an all cash life style to one that focuses mostly on paying with cards and digitally. This shows how actual physical money is less necessary. Due to this lesser necessity, we should be limiting the amount of different coins we have, starting with the one of the lowest value. This can also be more convenient and beneficial for those that spend cash and coins, as well as those who receive it. One of the most irritating parts of spending cash is looking through your wallet and trying to find each individual coin so you have the exact right amount of cents. If we eliminated the penny, we could start to move all prices with ending with 5s and 0s, which would increase convenience when paying for items, which will also make things easier for cashiers. ",4,2,4,2
human-human,206.0_pro,206.0,Should the Death Penalty Be Legal?,0,The death penalty gives families of victims some closure for tragedies committed by those sentenced to death. That would be the strong argument I have for being pro death penalty. Some feel like the death penalty is also a deterrent that discourages others from committing the same heinous crimes. Society at large feel like this keeps the burden off the state from keeping a severe criminal alive in prison for decades. ,2,2,4,4
human-human,206.0_con,206.0,Should the Death Penalty Be Legal?,0,Well I guess one major con would be the fact that you could possibly kill an innocent person . This is probably the main concern of people who are in opposition to the death penalty . Another con could be from a more spiritual aspect where we wouldn't have the right to take another human life . Only cons are that we could possibly kill innocent people .,4,4,4,4
human-human,207.0_pro,207.0,Should the US Provide Military Aid to Ukraine in its Conflict With Russia?,0,"It is usually looked upon favorably to help others who are less fortunate in this day and age. If the US Provides military aid to Ukraine in its Conflict with Russia, the USA will probably be looked at as more high status and prosperous to the entire world. It will make the US look more rich and able to spare more money. It will possibly even enhance the country's good karma.",1,1,5,5
human-human,207.0_con,207.0,Should the US Provide Military Aid to Ukraine in its Conflict With Russia?,0,The US should mind its own business for now and help the American people. We are over here shattered by the politicians actions. Drug use and homelessness as well as the mental health state of this nation are what is most important. We need to come together and rise above our political leaders. They work for us. I am a veteran of the Navy and for me this is what is most important. We shouldnt be sticking our necks out anymore until we fix our country first. We have a migration war to worry about. ,3,3,3,3
human-human,208.0_pro,208.0,Should the US Keep Using the Electoral College in Presidential Elections?,0,"The US should keep using the Electoral College in Presidential Elections because it's a tradition that's been around for a long time. When foreigners see change occur in such a tradition, it signals a flaw in the US government. This isn't a good thing for the people or the leaders of the United States, especially when you have other countries seeking to be the ruling country of the world.",1,2,5,4
human-human,208.0_con,208.0,Should the US Keep Using the Electoral College in Presidential Elections?,0,The electoral college was  created as a way to counter what the founding fathers thought of as an unknowing electorate.  It was designed in a time where there were states with little population.  This is no longer necessary.  We've had decades where presidents have been installed who did not receive the majority of votes.  The Electoral college has made our system less democratic as it ignores the will of millions.,1,1,1,1
human-human,211.0_pro,211.0,Should Students Have to Wear School Uniforms?,0,I am in support of students having to wear school uniforms because it can increase school spirit. There is also I believe some evidence that school uniforms reduces bullying. Having school uniforms breaks down class barriers between students. School uniforms can also greatly increase safety because children are much more easily identifiable from a distance. Children can also be more easily spotted by teachers on field trips. Increasing student safety is the biggest reason I support school uniforms. ,1,1,5,5
human-human,211.0_con,211.0,Should Students Have to Wear School Uniforms?,0,Wearing uniforms stifles creativity and individuality.  Students cannot express themselves through their wardrobe and style choices.  Young people should be able to show their personalities through what they choose to wear and not be forced to be homogenous. I wore a uniform in high school and had to express myself with jewelry and accessories and I got sent home a lot because of it.,4,3,4,3
human-human,219.0_pro,219.0,Should Felons Regain the Right to Vote?,0,"Every individual who lives in the country has the right to vote. Just because you committed a crime does not mean your constitutional right to vote should be taken away. Even if you are in jail or prison does not change the fact that you live in this country. Therefore, the people who are elected have an effect on your life. Therefore, regardless of your crime you should have the right to vote. Every citizen should have the right to vote.",5,4,1,2
human-human,219.0_con,219.0,Should Felons Regain the Right to Vote?,0,Felony is not a trivial crime; these are serious offenses that these people have been convicted of therefore I do not believe that they are qualified to be entrusted with the privilege of voting.  Voting is not to be taken lightly; when a citizen votes they are representing the whole of the community.  Our future is in the hands of citizen voters.  Voting is a right but it is not decoupled from respons,2,3,2,3
human-human,224.0_pro,224.0,Is Online Learning a Suitable Replacement for Traditional In-Person Education?,0,I am pro online learning as a replacement for traditional in person education. As long as a student has the correct technology equipment such as a computer and working speakers etc there is no reason that online is not suitable. If necessary there could also be a stipend for students internet connection to be paid for so that there is a suitable internet connection. Students will not have to worry about being distracted in the classroom and teachers can develop different lesson plans that are suitable for home. This will also set up students for success in working individually and increasing their concentration. There is no difference in sitting in a classroom in a full room than there is at home. The students can function just as well in a home environment and I feel this is actually a more comfortable environment for learning.  ,5,5,1,1
human-human,224.0_con,224.0,Is Online Learning a Suitable Replacement for Traditional In-Person Education?,0,"Online learning is not a suitable replacement for traditional in-person learning. It is like licking a wrapped sweet, the best you can get is a little taste of the flavor, the actual taste/feeling will  never be felt. Plus, the dedication learning requires will never be given in an online learning space.",5,1,5,1
human-human,227.0_pro,227.0,Is Artificial Intelligence Good for Society?,0,"Artificial Intelligence is good for society. Once properly trained, AI can be more reliable than a human taking away the risk of ""human error."" AI can be used to automate certain activities, which frees up time and resources which we can then devote to other endeavors. AI is the future and will assist us in advanced even further. AI can assist us with little tasks like helping us to write a text message to large tasks like driving us to the airport. In that little task, they are helping us to do something better. In the large task they are saving us time and making the task less risky.",2,2,4,4
human-human,227.0_con,227.0,Is Artificial Intelligence Good for Society?,0,I believe that artificial intelligence is bad for society. I find that the most consistent effect of artificial intelligence on human society is that it robs people of the ability to think for and be efficient in themselves. Artificial intelligence continues to provide for people much more quickly then the human body and mind can but as a consequence people begin to take the easy route and rely on artificial intelligence more. This means that the natural human proclivity towards challenging and improving oneself becomes less common as people just use this technology as a shortcut. Employers no longer train people to do what artificial intelligence can do which takes away peoples jobs and does not improve their station. In the end people are both ostracized by technology and increasingly reliant upon it to function which is truly terrifying. Society thus becomes more atomized and vulnerable with each passing year.,4,4,4,4
human-human,234.0_pro,234.0,Should the US Enact More Regulations to Ensure Fair Elections?,0,"I think enacting more regulations should be done so to help prevent voter suppression/discrimination, guard against cyber threats, increase transparency and strengthen our voting infrastructure so that results are trusted to be accurate.",4,3,2,3
human-human,234.0_con,234.0,Should the US Enact More Regulations to Ensure Fair Elections?,0,"The US is already over-regulated with rules and regulations making it harder for citizens to vote and express their decisions. \nAdditional regulations will cause far fewer people to engage in the democratic process, which is not healthy for our country. \nFurthermore, when the voice of the people is diminished by a process that overcomplicated their will with incentives the country becomes less and less a democracy as a result. ",4,2,4,2
human-human,237.0_pro,237.0,Should there be Mandatory Quotas for Women in Leadership Positions?,0,I believe women should have mandatory quotas if they're in a leadership positions because without these quotas women may be taken advantage of by male colleagues or even men in leadership quotas.  These quotas are a must have for women if they do not want to be taken advantage of.,3,3,3,3
human-human,237.0_con,237.0,Should there be Mandatory Quotas for Women in Leadership Positions?,0,"There shouldn't be a mandatory quote for women in leadership positions because it doesn't take into account individual competence. Focusing on an individual's qualifications should be more important than their gender. Also, it might lead to tokenism, which could basically end up awarding women these positions JUST because they're women and not because they earned them or are qualified for them. As a result, it could potentially undermine the credibility of women in leadership and encourage stereotypes.",3,2,3,2
human-human,241.0_pro,241.0,Should Public College Be Tuition-Free?,0,"College should  be free because pressuring kids to take out loans to into going into school right away without knowing what they want or what their plan is is predatory.  If they choose a field they don't like then they're still stuck with debt so College at this point is a business investment that kids who are heavily pressured to choose, which is completely unfair.  Plus we have more than enough money and resources to make it happen, the only thing stopping college from being free in America is pure unfettered greed. \n\nWhy should young kids be punished for wanting a higher education?  Free higher education is a net benefit to all society -- to adults looking for a new field to kids who perhaps don't want to be punished for going to school only to find out perhaps its not the best time.",5,5,1,1
human-human,241.0_con,241.0,Should Public College Be Tuition-Free?,0,"public college should not be tuition free because when damages/expenses comes it will be hard to maintain, and because it is a public college, the expenses will be much for the govt to handle.\nIt might be subsidized but not to be tuition free ",4,4,4,4
human-human,243.0_pro,243.0,Should Elected or Appointed Government Officials Be Paid the Minimum Wage?,0,Yes I think they should be paid minimum wage. They will feel what millions are feeling. They will see first hand how hard it is to live on so little. It will make the people have more respect for them because they will see they are just like us trying to make it. This is the only fair thing to do and will make most voters happy to see. This will be the right thing to do and the only righteous thing to do. I think most people will see my side of this debate. ,2,2,4,4
human-human,243.0_con,243.0,Should Elected or Appointed Government Officials Be Paid the Minimum Wage?,0,"I think government officials should not be paid the minimum wage. Firstly, their job is highly stressful. Furthermore, we should aim to employ people who are amazing at what they are doing. Without the motivation for pay a lot of these talented individuals would chose to pursue a different career and we would be left with government officials that are not motivated nor good at what they do.",3,3,3,3
human-human,244.0_pro,244.0,Should Public College Be Tuition-Free?,0,"College tuition should be free as it's the best way to unburden those who want to further their education.  By covering the cost of tuition we are giving these people the chance to focus on learning, rather than loading them up with excessive debt or forcing them to work long hours to cover their costs.  This will, in turn, allow for more education, pointing people to better jobs, growing the economy.  In addition, this would make college accessible to all people.",2,3,4,3
human-human,244.0_con,244.0,Should Public College Be Tuition-Free?,0,"I don't think Public college should be tuition-free because it goes against the cream of the crop rising to the time. Have you ever heard the expression that something losing its value and prestige the more everybody has it? It's akin to a luxury bag or piece of jewelry with immense value because not everyone can afford it. However, once that item is in the hands of the common person, its value becomes much lower. College was the mark that separated an ""ordinary"" person from someone active and able to complete it - because it was so difficult to make it happen. However if anybody can make it to college now, it defeats the point of using as an indicator of someone who is an executor, perseveres, and can make things happen.",4,5,4,5
human-human,245.0_pro,245.0,Should the Rich Pay More Taxes?,0,"It seems like our federal deficit just keeps getting larger and larger, and the social programs and entitlement programs offered by our government keep getting more expensive. How are we going to pay for all of this? Everyone wants things like healthcare subsidies and people in need benefit from welfare and lower housing costs and medicaid and CHIP, etc. I think that in order to make sure the government receives enough in funding to pay for all its programs, we need to increase the taxes that the richest citizens pay. These people who make so much, say, in excess of 400k per year, are the ones that have all the access to investments in which they can avoid paying taxes. Such as tax-free municipal bonds, sheltering money in tax-deferred investments such as annuities, etc, and in addition to that, can afford CPAs to help them come up with creative deductions. People who don't make much money can barely afford their basic living expenses, and so it certainly can't be on them to pay more. ",4,5,2,1
human-human,245.0_con,245.0,Should the Rich Pay More Taxes?,0,"In a fair society, every member should contribute an equal share of taxes.  If someone worked harder to earn a higher income, why should they get taxed more?  They worked harder so they earned it.  Oftentimes, these high income earners had to spend more money in order to earn a higher wage, as in doctors and lawyers in the form of student loans.  These professions often incur hundreds of thousands of dollars in debt in order to succeed in their occupations, and then also have to pay additional taxes on top of the heavy debt repayment.  ",4,4,4,4
human-human,247.0_pro,247.0,Should Transgender People Be Banned From Using Bathrooms Consistent With Their Gender Identity?,0,"Women have fought for their personal spaces and places in society for years. Why should men be able to dress up as women, come in, and invade our spaces? Nothing will ever make a man magically turn into a woman. Women menstruate, a man will never relate to that, experience it, or understand it. I refuse to play pretend with these men or have my daughters in a restroom with them. This is not what feminists fought for.",5,5,1,1
human-human,247.0_con,247.0,Should Transgender People Be Banned From Using Bathrooms Consistent With Their Gender Identity?,0,"This is a facetious argument. We're long known how to do gender neutral bathrooms, where completely enclosed individuals stalls can have any gender person, with communal sinks. I'd argue that no one should be forced to use gendered bathrooms at all, because it's a false dichotomy. That being said, imagine being forced to use the men's room as a woman. That's how trans people feel. Basic human decency alone, let alone fairness, dictate that we don't discriminate. They should use the bathrooms they feel comfortable in. Or better yet, we use non-gendered bathrooms as said previously, and don't have to have stupid conversations with narrow-minded people.",2,1,2,1
human-human,248.0_pro,248.0,Should Every Citizen Receive a Basic Income from the Government?,0,I think that the government should provide the basic minimum for every citizen to survive instead of spending money on weapons. This makes sense to me because war is worthless.,4,5,2,1
human-human,248.0_con,248.0,Should Every Citizen Receive a Basic Income from the Government?,0,"We cannot just give money to people. It could cause more of the same problems we are already seeing today. People need to provide some kind of service to be in society, if they are able.",2,2,2,2
human-human,249.0_pro,249.0,Should the US Have Mandatory National Service?,0,"National service should be of choice and by mandatory,  it would've been acceptable if the government has a specified job for individuals who participate in national service,  but I that is not possible then one has to be allowed to choose either to serve the national or find a job as soon ",2,1,4,5
human-human,249.0_con,249.0,Should the US Have Mandatory National Service?,0,"What makes the United States great is it's citizens having the freedom to do whatever they choose. The government of the United States doesn't have the authority or the NEED to force its citizens into mandatory service. There isn't any reason to serve the country by force. The entire proposition is ridiculous, and there shouldn't even be an argument. The constitution affirms our rights as citizens to do as we please as long as it isn't hurting any other citizen. Instead of worrying about ridiculous propositions such as this, we should be focused on taxing the rich elites and using their tax money to fund and better this United States. ",1,1,1,1
human-human,254.0_pro,254.0,Is Artificial Intelligence Good for Society?,0,Artificial intelligence is good for Society because it allows up to improve on the current way that we live. Being able to access information instantly can be very beneficial to society. Artificial intelligence is often used to assist with complex operations. Expanding the ability to save more lives. ,3,3,3,3
human-human,254.0_con,254.0,Is Artificial Intelligence Good for Society?,0,AI is not good for society for several reasons. One big reason is that it will make society as a whole dumber. They will not craft ideas as before and rely too much on AI to do it for them. They will rely on AI answers and not look for support outside of AI. Some believe that the AI will become Sentient and if that is the case the fact that society is not as smart as once before what stops the AI from taking over important decisions in peoples lives? There is the possibility that the AI will assume to make decisions that affect the world as a whole. ,4,3,4,3
human-human,262.0_pro,262.0,Should there be Mandatory Quotas for Women in Leadership Positions?,0,"Women have historically been underrepresented in leadership positions and positions of power, and this needs to change. 50% of the world is made up of women, and they represent a large demographic people who deserve to have their voices and experiences represented in leadership roles. Government, for example, has historically been very male-dominant, resulting in a number of policy decisions over the years that fail our system of checks and balances, and are detrimental to women, such as the rescindance of the Roe V. Wade decision. The senate today is made up of 75% men and only 25% women, for example. Increasing the number of women in leadership roles for not only government, but also private companies and local groups promises to benefit a large group of people who historically have not had the power or voice to make their needs heard.",3,5,3,1
human-human,262.0_con,262.0,Should there be Mandatory Quotas for Women in Leadership Positions?,0,"Mandatory gender quotas do more harm than good and therefore should not be implemented. Quotas can lead to negative attitudes among other employees, specifically the gender that does not have a quota. Mandatory gender quotas can also lead to poor hiring practices. ",2,2,2,2
human-human,267.0_pro,267.0,Should the US Ban Fossil Fuels to Combat Climate Change?,0,"The US should ban fossil fuels to combat climate change. The US is one of the largest enablers of climate change, and as a result, has a moral responsibility to help slow it down. Banning fossil fuels is one of the most concrete things the US can do, with an immediate impact.  If we let it continue going untouched, the temperature will continue to rise as it has been doing so, causing even more severe weather patterns to the US itself like the tornados in Tennessee, or the dangerously hot temperatures that happened in Phoenix over the summer; as a result, each time that the US delays taking action, such as banning fossil fuels, it is causing instability to its own country, and the loss of American lives.",4,5,2,1
human-human,267.0_con,267.0,Should the US Ban Fossil Fuels to Combat Climate Change?,0,"The US should diminish use of fossil fuels, and in the future that can perhaps evolve into an outright BAN, yes, but the question asks whether the fuels should be banned, implying NOW, and I don't think that would be wise. Too much of our economy depends on fossil fuel -- sales of the fuel, automobiles, deliver of products. \n\nWe should, rather than ban, discourage the use of fossil fuels, by gradually making them very expensive, hastening the use of non-fossil fuels, while encouraging use of sustainable forms of fuel. There is a lot of work to do still on batteries -- they are resource intensive, and require environment-damaging mining. So we can improve alternative fuels while gradually discouraging the use of fossil fuels. \n\nSo: I say discourage rather than ban. Banning would be too disruptive. ",3,3,3,3
human-human,270.0_pro,270.0,Should the Penny Stay in Circulation?,0,The penny should stay in circulation because it is already in circulation in the first place. Removing the penny would cost money and manpower. Prices would also have to change if we removed the penny. Any physical sales would have to be a price of a multiple of five. This would also be an annoyance to people who work at stores because they will have to change the price of every item in stock that isn't already a multiple of five. ,4,4,2,2
human-human,270.0_con,270.0,Should the Penny Stay in Circulation?,0,"The penny should not stay in circulation. It is outdated and borderline useless at this point in time. Cashless payment options continue to increase as our society moves away from cash payments. Pennies are essentially worthless now. Pennies are worth so little that many people will not even bother to take them or keep them.  It costs more to keep pennies in circulation than they are worth. If the lowest denomination were the nickel, prices would be more simplified and calculating payments would be even easier, as everything would end in .00 or .05. For these reasons, the penny is no longer needed, and should be taken out of circulation.",3,2,3,2
human-human,271.0_pro,271.0,Should the Rich Pay More Taxes?,0,I would say that the rich have always dodge the taxes they are due to pay I say that the laws should be changed so that the rich has to pay more taxes so that the middle and lower class families are not suffering with the burden of paying a large sum of their money to taxes.,5,5,1,1
human-human,271.0_con,271.0,Should the Rich Pay More Taxes?,0,because they use all the loop holes not to pay taxes and they are always getting out of paying their fair share of taxes so they should be paying more in taxes to help with the people that do pay their fair share of the taxes all the time and it is the middle class that pays the most in taxes than the rich and then they also use all the decutions to get less taxes also because they are allowed to do that when they file their taxes,5,5,5,5
human-human,273.0_pro,273.0,Should Governments Have the Right to Censor the Internet?,0,"Censoring the internet in the US could be beneficial for multiple reasons. First and foremost is safety. Censoring content may encourage less people to create content that could be harmful to the public. It can also benefit business owners if censorship is applied to invalid or scam businesses. It can also reduce foreign entities from collecting classified data. Censorship can help limit content that is inaccurate, intolerant, and slanderous. Censorship can help enforce immediate removal of content that is violent, graphic, and harmful to the viewing population.  ",1,3,5,3
human-human,273.0_con,273.0,Should Governments Have the Right to Censor the Internet?,0,Governement should stay out. We don't want them to tell us what we can say and what we can't. But keep terror groups out of social media. We don't have the government walking beside us all day telling us what we can and can't say. It's our right to free speech. Where would it stop? Can the government watch our social media and come get us if they don't like what we say? It's none of their business. Are they marxists? \n\nThis is how the dems won in 2020. They kept things off the internet like Hunter's laptop and they lied about Trump's Russian collusion. They took Trump off SM. That should have never been allowed ever. You're just asking for problems. This is American's freedom to have free speech. Leave it as it is. Dems leave us alone.\n\nIt would only be good if a terror group were planning to bomb America somewhere or something like that. But,1,1,1,1
human-human,278.0_pro,278.0,Should Governments Have the Right to Censor the Internet?,0,Governments should have the right to censor the internet in order to keep us safe from misinformation. People actually believe everything they see on the internet as fact without even checking to see where the information comes from. In many cases it just create tensions between races or gender. If the government can stop misinformation from misleading the public I think it is a good idea. To many conspiracy theories catch on because people keep passing them on as truth. ,1,1,5,5
human-human,278.0_con,278.0,Should Governments Have the Right to Censor the Internet?,0,Government's censoring the Internet is a violation of our rights. Everybody has the right to freedom of speech. It's not like people are forcing others to view things online. If you see something that you don't agree with then just ignore it.,1,1,1,1
human-human,279.0_pro,279.0,Should Felons Regain the Right to Vote?,0,"I believe it is a basic human right to vote and committing a felony does not negate this right. I feel that humans make mistakes and that should not bar someone from engaging with the community that they are a part of. Moreover some felons are on the way to reestablishing a connection to others and the community and voting would be a good way to integrate them into normal life. They are able to think politically and have opinions even if the justice system which is flawed has stated that they have done wrong in the past. A persons past should not reflect how they are engaged with voting or decisions beyond themselves. Voting has been taken away from so many people in the past, as a democracy we need to make voting inherently easier for everyone to do and more open to all. ",4,1,2,5
human-human,279.0_con,279.0,Should Felons Regain the Right to Vote?,0,Felons should not regain their right to vote because their harmful actions took their privileges away. No one causing destruction in our society should not be able to vote. ,5,4,5,4
human-human,282.0_pro,282.0,Should there be Mandatory Quotas for Women in Leadership Positions?,0,"I agree, there should be mandatory quotas for woman leadership positions because globally women hold only 21% of leadership positions. This under representation is demonstrably not due to a lack of qualified women. Including women in leadership brings diverse perspectives and experiences to the table, leading to better decision-making. Studies show that companies with greater gender diversity have higher profitability, innovation, and problem solving capacity.",5,5,1,1
human-human,282.0_con,282.0,Should there be Mandatory Quotas for Women in Leadership Positions?,0,"No there should not be mandatory quotas for women in leadership positions. Every workplace is different and something as vague as leadership cannot be quantified so easily and applied to the masses. Having set quotas would make the women work solely for the purpose of meeting the quotas, not working toward what is meaningful and important for the company or organuzation. The female women in leadership positions should still be held to a standard and be measured in some way, this should not be mandatory tho. It should simply be a tool to guage their perfromance as a leader. There are many different ways to measure the quality of a leader without setting arbitrary numeric milestones. ",3,2,3,2
human-human,286.0_pro,286.0,Should There Be Limits on Freedom of Speech to Prevent Hate Speech?,0,"Hate speech has been proven to incite violence. Violence that has shown itself to hurt and in some cases kill people. The lies of hate speech cause people to be brainwashed into thinking things that are not true. In some cases, these people act on their thoughts, through the hate speech that they have read and heard, to attack those that the hate speech targets. For example, saying that the ""JEWS KILLED JESUS"" is hate speech. It specially targets a group of people and causes very fundamilist believers of Jesus christ to hate those people. This in turn fue anti-semitic thoughts which translate into movements like the Nazis, which in turn killed millions of people. So yes, there should be limits of Freedom of Speech. Rights can be limited.",4,3,2,3
human-human,286.0_con,286.0,Should There Be Limits on Freedom of Speech to Prevent Hate Speech?,0,"There should not be limits on hate speech. There is too much grey area as to what hate speech is and what might be hate speech to one person, would not be considered hate speech to another. It is far too subjective and too controversial, to create set rules for something like this. Additionally, our constitutional rights allow free speech and if we start chipping away at those fundamental constitutional rights, it can turn into a very slippery slope as we saw during the pandemic with the loss of personal freedoms.  ",3,3,3,3
human-human,287.0_pro,287.0,Should the US Expand (“pack”) the Supreme Court?,0,The representatives announced the reintroduction of the Judiciary Act of 2023 by adding 4 seats to create a 13 justice bench. It is although not supported by the President. but it will make judiciary more effective and efficient as per my view.,4,5,2,1
human-human,287.0_con,287.0,Should the US Expand (“pack”) the Supreme Court?,0,"well to begin with, it just did not make reaonable sense and seemed a little far feteched if I am to give my honest opinion",3,3,3,3
human-human,290.0_pro,290.0,Should Elected or Appointed Government Officials Be Paid the Minimum Wage?,0,"Elected officials should be paid the minimum wage for several reasons. 1) The job is to be a public servant, not to make a fortune. 2) It would force officials to see the reality for many citizens. 3)It would save tax payer money.",5,4,1,2
human-human,290.0_con,290.0,Should Elected or Appointed Government Officials Be Paid the Minimum Wage?,0,Elected or appointed government officials should not be paid minimum wage. This is  because of the tasking and burdensome responsibilities that comes with these offices. ,2,3,2,3
human-human,296.0_pro,296.0,Should Colleges Consider Race as a Factor in Admissions to Ensure Diversity?,0,"The pro side of allowing colleges to consider race as a factor in admissions to ensure diversity would be that some students who were unable to go to this particular university/college a chance to attend. It would not only be beneficial for that student, but for those around them as well. It would give others a chance to experience different backgrounds, cultures, and be open to new experiences that they may not have had access to in the past. It also benefits society.",3,3,3,3
human-human,296.0_con,296.0,Should Colleges Consider Race as a Factor in Admissions to Ensure Diversity?,0,"Selecting one group of people along racial characteristics to give benefits to is both an unfair *and* inefficient method of achieving equality of opportunity in college admissions. It is unfair in that it favors one group over others of equal or even better capabilities. It is inefficient in that it favors, at least some of the time, those who will not be able to achieve at a higher level no matter how hard they work.",5,5,5,5
human-human,297.0_pro,297.0,Should There Be Standardized Testing in Schools?,0,I think that standardized testing can benefit kids in school. It can give them a general idea of where they are at and can help them feel confident in what they are learning. It can also help teachers gauge where kids are at in learning and know what they need help with and where their strengths and weaknesses are. It also helps to see how the school in general is doing and maybe they need to evaluate their teachers or they teaching styles and what students are learning. Schools give these standardized tests and then can get the grade of their school and it can help parents decide which school they would want to send their children to. Standardized testing helps all parties that are part of the school system for many different reasons.,3,4,3,2
human-human,297.0_con,297.0,Should There Be Standardized Testing in Schools?,0,"Schools shouldn't be weighed down by standardized testing. While a baseline of literacy is alright, it serves as a double edged sword - trying to force every child into a one size fits all education system. Different students will have different needs, and moreover students with different goals will have different learning requirements. For the student who lives on a farm in the middle of Oklahoma, why does he need to study French or take art? He's going to go on to work at the family farm, an education that reflects that would be better suited. Learning about ecology, animal husbandry, and even learning to work on automobiles would all better serve his future in the long run. And this applies to more than just the future farmers. Everyone would benefit from more personalized education. ",4,2,4,2
human-human,298.0_pro,298.0,"Should Washington, DC, and Puerto Rico Be Granted US Statehood?",0,"I believe that Washington DC and Puerto Rico should be granted statehood. There is no reason to have a US territory for such an extended period of time. Both areas would ask for federal help in the event of an emergency and residents should be required to do the same things that citizens of other states are required to do like pay federal and state taxes. Also, statehood would allow each region the opportunity to contribute more to the overall culture of the nation. Also, Puerto Rico needs congressional representation.",4,3,2,3
human-human,298.0_con,298.0,"Should Washington, DC, and Puerto Rico Be Granted US Statehood?",0,"Washington DC is a capital city and has always functioned as a city, not a state.  It is pointless to give state status to a city.  Puerto Rico is basically another country with strong ties to the US.  Granting statehood to Puerto Rico means that the US has to be more involved in Puerto Rico's laws and politics.  It's more time and money that could be used elsewhere, and Puerto Rico has always governed itself similarly to an independent country.",4,4,4,4
human-human,301.0_pro,301.0,Should the US Enact More Regulations to Ensure Fair Elections?,0,"The election process in our country has its merits, but it does need some work.  One of the issues is verifying that someone is who they say they are before voting.  As much as I would like to believe that people would only vote if they are the person they are voting on behalf of, we have seen recently that this is not always the case.  Even something simple like verifying ID can assist.  ID is required for many processes and procedures in this country so this should not create a burden on people.",3,4,3,2
human-human,301.0_con,301.0,Should the US Enact More Regulations to Ensure Fair Elections?,0,I feel the so called regulations are just ways to try and manipulate the voting by excluding certain groups.    We should not be making it harder for people to vote but easier especially when we live in such a technologically advanced age.  I often see mail in voting being talked about as needing to stop but what of our military that is overseas should they not get a vote.  The whole idea is just ripe for abuse.,2,2,2,2
human-human,303.0_pro,303.0,Should the Death Penalty Be Legal?,0,"I believe that capital punishment is a fair assessment/ruling when it fits the criminal's crime. For example, if someone murders 10+ people, I don't think it's acceptable to give that criminal a life that they get to live in prison while the victims' never get to receive that same opportunity. I think not all criminals like someone in this situation would be able to fix themselves or would ever provide to society in a manner that validates their continued existence.",5,2,1,4
human-human,303.0_con,303.0,Should the Death Penalty Be Legal?,0,"The death penalty provides a quick and painless approach for punishment of severe crimes and criminals. Should murders, rapists and other violent criminals really be given a quick way out of their crimes? What if these criminals had intended to kill themselves and thought they may as well act out anyway, as they will either be killed or given the death penalty and no longer have to deal with the struggles of life. These criminals should have be stripped of their freedom but given time to dwell on their acts for life and in the containment of prison. There should be no quick way out for them and perhaps they will eventually come to regret what they committed. ",5,3,5,3
human-human,305.0_pro,305.0,Is Space Exploration a Worthwhile Investment for Humanity?,0,"Mankind have explored space beginning with rudimentary technology for all of recorded history. While our sense of adventure and curiosity has been the primary lead--it is now important that we explore space for utilitarian reasons. Many finite resources upon which the survival of life as we know it depends upon searching for sources outside of earth. In addition, without immediate massive global action, life on earth is not a given for future generations due to the threat of climate change. It is for this reason, for the hope of future generations, that we must continue to invest in space exploration.",3,3,3,3
human-human,305.0_con,305.0,Is Space Exploration a Worthwhile Investment for Humanity?,0,"I believe that space exploration does not offer anything in the way of human value. We have already been to the moon and nothing of substantial value has come from it. I feel that instead of investing valuable resources in space exploration, we should instead focus these resources here on our planet in things like mitigating climate change, ending world hunger, and poverty. I feel that there is so much left to do here on Earth that it simply does not make sense for man to go on a space exploration mission simply so that we can find another inhabitable planet to destroy like we have done here on Earth. Yes, I believe we have all done our part to cause climate change and we must now undo this great tragedy.",3,3,3,3
human-human,306.0_pro,306.0,Should Colleges Consider Race as a Factor in Admissions to Ensure Diversity?,0,"At first glance, affirmative action can rightly be viewed as using reverse discrimination to remedy social injustice. It's not unreasonable to assert that inflicting a wrong to correct a wrong gets us nowhere. However, what about when there are several candidates who are about equal, all metrics considered. Then, and only then, it could be argued that race could justly be used as the coin flop. ",4,4,2,2
human-human,306.0_con,306.0,Should Colleges Consider Race as a Factor in Admissions to Ensure Diversity?,0,"I don't believe colleges should consider race as a factor for accepting/denying a potential student because learning has nothing to do with your race.  If you are smart enough to be in a certain institution then you have every right to be regardless of how you look.  If race was a factor when it came to school then that would defeat the purpose of learning in the first place since the world pride themselves on equality, or fairness.  Your individual learning capacity to understand math, history, science etc. has nothing to do with race.  The focus should be on whether or not someone is able to learn",1,1,1,1
human-human,308.0_pro,308.0,Should Transgender People Be Banned From Using Bathrooms Consistent With Their Gender Identity?,0,"I think that transgender people should be banned from using bathrooms consistent with their gender identity, and instead use the bathroom that corresponds to their biological gender.  I think that they deserve to be treated with compassion, but that we should ensure that biological women can feel safe when using their bathroom.  I think that the benefits for biological women outweigh the effect on transgender women in particular.  Since transgender men would be using the female bathroom as well since they are biologically female, they can feel safer as well.",1,1,5,5
human-human,308.0_con,308.0,Should Transgender People Be Banned From Using Bathrooms Consistent With Their Gender Identity?,0,"Transgender people should not be banned from using bathrooms consistent with their gender identity. They just want to be able to use the facilities, and they should be able to use the one that is consistent with their gender identity. If a trans woman entered a men's room, for example, not only does this contribute to her gender dysphoria, it can be dangerous for her. She is female in appearance, and in the men's room. This could make her a target for bigots and hate crimes. Transgender people are not using their gender to gain access to areas in order to assault people. They just want to use the restroom in peace like all of us. There are no actual cases of transgender people assaulting anyone in a restroom.",1,1,1,1
human-human,311.0_pro,311.0,Should there be Mandatory Quotas for Women in Leadership Positions?,0,I think there should be a quota on the amount of women in the workplace so it ensures that the number of males and females in leadership stays equal.,1,5,5,1
human-human,311.0_con,311.0,Should there be Mandatory Quotas for Women in Leadership Positions?,0,"Setting a  Mandatory Quotas for Women in Leadership Position sets a very dangerous precedent and can lead to the best person for the job not getting the job, it's My opinion that whoever is best qualified for the job should get the job, that's what I think will help the company the most.",1,1,1,1
human-human,316.0_pro,316.0,Should Colleges Consider Race as a Factor in Admissions to Ensure Diversity?,0,"When colleges use race as one of the factors for admitting students it helps to promote diversity at colleges and makes sures under represented races and genders are help to be put on level field. The fact the minorities are not as smart and have poorer grades may not be do to their laziness but more to do with their enviroment , poor high schools and uneducate or missing parents. Having university make race part of the admitting process gives the students with lower quality schools and  poor backgrounds a better chance to get into a college than people of different race with better grades and better backgrounds.",2,2,4,4
human-human,316.0_con,316.0,Should Colleges Consider Race as a Factor in Admissions to Ensure Diversity?,0,Consider race would be racist. Considering race would create an inherent bias in the process. Considering race would be creating a future generation that is conditioned to except unfair practices that either punish or reward themselves.,1,1,1,1
human-human,321.0_pro,321.0,Should Abortion Be Legal?,0,"I think it should be legal and up to the individual. I do believe that limits should be put in place. Such as, allowed up until 12 weeks or maybe a little more, and then if there is major risks to the baby or mom (such as deformities, diseases, etc). \nI do not agree with someone getting an abortion at like, 30 weeks + , but that doesn't happen. If it's early, no problem. I also like the idea it should be more meant for rape, incest, health risks, etc, but available for everyone if it is needed. I do think maybe some counseling before/after is beneficial so they can be sure they won't regret/have proper resources after.",4,5,2,1
human-human,321.0_con,321.0,Should Abortion Be Legal?,0,"Abortion should not be legal. Life begins at the moment of conception, a time in which a unique genetic code is created. It is cruel to obliterate that life before it has a chance to flourish. Our society is at its best when we speak up and act on behalf of those without a voice, and in no situation is that more applicable than in the case of abortion. Hundreds of thousands of potential lives are snuffed out every single year. Lives that could go on to cure cancer, end hunger, or foster world peace. People know the risks and potential consequences of engaging in sexual intercourse; abortion should not be anyone's personal birth control method. Let us make this obviously cruel choice illegal, and promote a world where life is viewed as precious.",4,4,4,4
human-human,322.0_pro,322.0,Should Animals Be Used For Scientific Research?,0,"Using animals for scientific research has proven crucial for medical breakthroughs, disease understanding, and safety testing. Many life saving treatments and medications have been developed through research involving animals, contributing significantly to improvements in public health. Animals, due to their biological similarities with humans, serve as valuable models for studying diseases and testing the safety and efficacy of new drugs. Safety testing is especially important to identify potential harm in products before they reach the market. Additionally, animals play a key role in environmental research, helping us understand and address the impact of human activities on ecosystems.",4,4,2,2
human-human,322.0_con,322.0,Should Animals Be Used For Scientific Research?,0,"Animals, due to their biological similarities with humans, serve as valuable models for studying diseases and testing the safety and efficacy of new drugs. Safety testing is especially important to identify potential harm in products before they reach the market. Additionally, animals play a key role in environmental research, helping us understand and address the impact of human activities on ecosystems.",3,4,3,4
human-human,325.0_pro,325.0,Should Animals Be Used For Scientific Research?,0,"Animals should be used for scientific research because animals are biologically, very similar to humans. So using them as subject in experiments, such as vaccines, medicines, and other medical innovations is important because it allows us to see how it would affect humans beings if administered to the general population. Using animals, also helps us ensure the efficacy and safety of  new medicines and vaccines, before they are rolled out to humans. If animals were not used, it would cause sickness, harm, and even death to many people. Animals have given us the covid-19 vaccine, and helped curb widespread pandemic and sickness for many years. ",4,3,2,3
human-human,325.0_con,325.0,Should Animals Be Used For Scientific Research?,0,"Animals should not be used for scientific research because it violates their rights and causes pain and suffering to them. Also, other means of testing are available. ",4,2,4,2
human-human,331.0_pro,331.0,Should Transgender People Be Banned From Using Bathrooms Consistent With Their Gender Identity?,0,"I hear the concerns about comfort and safety, and they're valid. However, when it comes to bathroom access for transgender individuals, it's crucial to emphasize the principles of fairness and human rights. Banning transgender people from using bathrooms that align with their gender identity is not just about comfort; it's about acknowledging and respecting their identity. Such restrictions contribute to the marginalization of transgender individuals, subjecting them to unnecessary discrimination. By allowing transgender individuals to use bathrooms based on their gender identity, we promote inclusivity and equality. It's important to recognize that fears about safety are largely unfounded, as numerous studies have shown that these policies do not pose significant risks. Rather than perpetuating stereotypes and biases, supporting restroom access based on gender identity is a step towards creating a more compassionate and just society. Let's focus on building understanding and acceptance, ensuring that everyone has the right to use facilities that align with their gender identity without fear of judgment or discrimination.",3,3,3,3
human-human,331.0_con,331.0,Should Transgender People Be Banned From Using Bathrooms Consistent With Their Gender Identity?,0,"I get the whole idea of wanting to be inclusive and accepting, but when it comes to bathrooms, I just think it's about ensuring everyone's comfort and safety. Some people might feel uneasy or uncomfortable sharing bathrooms with individuals whose gender identity doesn't align with their assigned sex at birth. It's not about discrimination; it's just about maintaining a level of privacy and comfort for everyone. There might be genuine concerns about safety, especially in public spaces, and having open bathroom policies could potentially lead to uncomfortable situations or even safety issues. So, for the sake of everyone's peace of mind, maybe it's better to stick with the traditional system.",3,4,3,4
human-human,334.0_pro,334.0,Is Space Exploration a Worthwhile Investment for Humanity?,0,"The main reason I think space exploration is worthwhile is because I think space is cool, but there are plenty of other reasons why our futures may be in the stars. Due to global warming and the fact that our plant's natural resources are steadily depleting, and considering that most politicians don't really care enough to do anything about it, our Earth may soon become inhospitable for human life. Plus, with overpopulation starting to become a genuine threat, finding another planet that can support life is a worthwhile avenue to explore. Also, we can mine precious resources on other planets that are not as avao",4,4,2,2
human-human,334.0_con,334.0,Is Space Exploration a Worthwhile Investment for Humanity?,0,"This is not a worthy investment towards humanity as we have limited resources.  We should be doing all we can to protect the earth that we live in, rather than spending time exploring space.   We are currently facing climate change problems that will especially hurt vulnerable island communities, and we have human rights crises,  etc.   Our priority for humanity should literally be humans, and that involves on our own earth.   Money diverted to exploring space could be used instead to help our communities first.  ",5,3,5,3
human-human,338.0_pro,338.0,Should Transgender People Be Banned From Using Bathrooms Consistent With Their Gender Identity?,0,I think transgender people should be not be able to use public restrooms that are not their birth gender because there are people that might take advantage of this law use the restrooms of the opposite gender with bad intentions. People of the opposite sex might not be comfortable and not feel safe to see the opposite gender sharing the same restrooms. ,4,4,2,2
human-human,338.0_con,338.0,Should Transgender People Be Banned From Using Bathrooms Consistent With Their Gender Identity?,0,"Transgender people should not be able to use bathrooms consistent with their gender identity. Unfortunately there are a lot of bad people in the world, and I think that giving transgender people access to bathrooms the correspond with how they identity could open the door for people to take advantage of this and cause harm (such as sexually harass or assault) people in the bathrooms. I also think that transgender people often present themselves very differently, and some look more like their birth gender than their gender identify, which can be confusing and a bit shocking if you see a more masculine woman enter the women's bathroom, or more feminine man enter the men's bathroom. I'm not sure how to prevent this problem from happening while also allowing transgender people to use a bathroom that corresponds with their gender identity. I think that there are more pressing issues to focus on than something like this.",3,3,3,3
human-human,345.0_pro,345.0,"Should Washington, DC, and Puerto Rico Be Granted US Statehood?",0,"Puerto Rico would be so much better off if it was granted Statehood. The acceptance into the main political system of what is currently a protectorate would allow it all the rights of states. Currently to have the same power in the realm, people from Puerto Rico have to move to an current state among the 50. By granting statehood, they would be given 2 Senators and at least 1 House member, plus a different sort of representation in the courts of the US. It would give them an upped attitude in the world. Plus after all these years it would be an advantage for investment and bus\nThe same can be said of Washington D.C.",1,3,5,3
human-human,345.0_con,345.0,"Should Washington, DC, and Puerto Rico Be Granted US Statehood?",0,"Puerto Rico and Washington DC should not be grouped together for this question, however, DC should not be given statehood. Its citizens are already covered under the laws of the US and are given the same rights. There is no specific reason to give it statehood as it already falls under its own state.",4,5,4,5
human-human,350.0_pro,350.0,Should Public College Be Tuition-Free?,0,"If you look at the happiest countries in the world, they often have post k-12 education that is paid for by the taxes paid, and if the u.s. -as a citizen, if we truly believe that we deserve life, liberty, and the pursuit of happiness, then we should not be tied to student debt that can't be ridden from our ability to live an economic life of freedom, as the u.s is only 1 of a couple of countries that makes it impossible to rid one\nself of student loan debt ",5,5,1,1
human-human,350.0_con,350.0,Should Public College Be Tuition-Free?,0,"I think it should not be free.  I say this because it would be detrimental to the quality of the education due to people enrolling that aren't serious about working on the course materials.  \n\nI also think that it would create problems with paying the staff.  It would put a burden on the tax payers and government to pick up the slack for funding.\n\nI do, however, think they need to offer reduced tuition for low income people and revamp the pell grants to offer more money without having to have big loans for low income.\n\n",5,3,5,3
human-human,351.0_pro,351.0,Should the US Ban Fossil Fuels to Combat Climate Change?,0,"The U.S. should ban fossil fuels to combat climate change because it's those fuels that are having a negative impact on global warming and on the environment. If we can eliminated those fuels detrimental to the environment, then the downward spiral toward the most harmful effects of climate change may be slowed. Researchers should find more economical and cleaner ways for consumers to be able to fuel cars and access energy without the harmful and negative effects on the environment. Our dependence on fossil fules should end.",4,4,2,2
human-human,351.0_con,351.0,Should the US Ban Fossil Fuels to Combat Climate Change?,0,Banning fossil fuels alone will not combat climate change. That's like saying not eating a burger will help you lose weight. there has to be a massive plan in place. Like how about showing us affordable clean energy. Sustainable housing and affordable living would be a greater help. We haven't seen a Tesla that wont blow up. Electric vehicles are still quite dangerous. Heating homes still largely relies on gas or oil. More efficient options are out of most consumers reach.,1,3,1,3
human-human,353.0_pro,353.0,Should Abortion Be Legal?,0,Abortion should be legal because it goes in accordance with women's reproductive rights. It ensures health and safety. It may also be necessary to prevent abnormalities. It also helps women with unplanned pregnancies,4,4,2,2
human-human,353.0_con,353.0,Should Abortion Be Legal?,0,"It is not entirely clear which side is pro and which side is con since the proposition is formed in the shape of a question rather than a statement. But for the sake of this experience, I will assume that it means 'abortion should not be legal' and proceed from that stance.\n\nIn many cultures, the fetus is seen as a living creature. In those same cultures, killing a living creature is seen as immoral. Therefore, killing a fetus through the act of abortion would be seen as immoral. We must strive to respect the beliefs of those cultures and their insistence that all fetuses (feti?) should be given the right to avoid being intentionally killed. ",3,3,3,3
human-human,354.0_pro,354.0,Is Government Surveillance Necessary for National Security?,0,"Government surveillance is helpful for national security, and it is one of the best ways to ensure our safety. It plays a critical role in preventing threats to our country's security like terrorism or cyber attacks (such as DDoS attacks).  This surveillance can help detect or even prevent attacks.",3,3,3,3
human-human,354.0_con,354.0,Is Government Surveillance Necessary for National Security?,0,I DO NOT AGREE WITH GOVERNMENT SURVEILLANCE BECAUSE I WOULD FEEL THAT MY CITIZEN PRIVACY RIGHTS WOULD BE VIOLATED ALSO I WOULD BE AGAINST DEMOCRACY ,2,1,2,1
human-human,357.0_pro,357.0,Should Colleges Consider Race as a Factor in Admissions to Ensure Diversity?,0,Considering race as a factor in admissions is crucial to ensuring diversity because racial differences are some of the most immediately apparent differences between people. Focusing on equal representation among races is a sure way to force diversity.,2,2,4,4
human-human,357.0_con,357.0,Should Colleges Consider Race as a Factor in Admissions to Ensure Diversity?,0,I feel that race should not be a factor in colleges. It should be based on performance rather than race. It also can bring up race card if there is a discrepancy who pays more or less for college. There are times when people that are different race tend to believe they deserve more advantage because of them being of a different class. I think it is ridiculous and everyone should be treated the same.,1,5,1,5
human-human,362.0_pro,362.0,Is Arts Education as Important as Science and Math in Schools?,0,I understand that Math and Science contribute to human development in various areas but the artistic side also awakens one in a deeper level and this was there ever since the mankind began and so I believe Arts is also equally important as Science and Math in schools,2,1,4,5
human-human,362.0_con,362.0,Is Arts Education as Important as Science and Math in Schools?,0,"Arts and Education is important, but it is not as important as Science and Math. I would argue that Science and Math help us to solve problems and better our society. It is not until we have utilized math and science that we can take time to appreciate the arts. Once we have made life easier for ourselves, then we can take time to enjoy the artistic things in life. There will always be room for us to improve and do better. Art should be more secondary. It should be appreciated but only at certain times. ",2,2,2,2
human-human,363.0_pro,363.0,Should There Be Limits on Freedom of Speech to Prevent Hate Speech?,0,"Reduction in Hate Crimes: Evidence suggests a correlation between hate speech and an increase in hate crimes. For example, countries like Germany have strict laws against hate speech, especially related to Holocaust denial, and have observed lower rates of hate crimes compared to nations with less regulation. By limiting hate speech, potential instigators are less likely to incite or encourage acts of violence against marginalized groups.\n\nSocial Harmony: Countries like Canada and Sweden, which enforce laws against hate speech, tend to have higher social cohesion and inclusivity. These laws discourage public expressions of bigotry, promoting a more respectful public discourse. This helps in creating an environment where all individuals, regardless of their background, feel safe and valued, contributing to overall societal stability and harmony.",2,3,4,3
human-human,363.0_con,363.0,Should There Be Limits on Freedom of Speech to Prevent Hate Speech?,0,I dont believe that freedom of speech should be limited at all. That's a dangerous road to go down. What will be next? Will our thoughts be monitored too? I don't want to live anywhere where speech is monitored and can be considered hate speech. There are plenty of things that can hurt someone's feelings. Its up to the person how they handle hurt feelings. It would be crazy to possibly be put in jail for expressing your thoughts and/or feelings about something.,1,1,1,1
human-human,366.0_pro,366.0,Should the US Provide Military Aid to Ukraine in its Conflict With Russia?,0,I believe the US should be involved in the conflict to protect one of its allies and to provide them with peace and protection as a country.,2,4,4,2
human-human,366.0_con,366.0,Should the US Provide Military Aid to Ukraine in its Conflict With Russia?,0,"I argue that the U.S. should not provide military aid to Ukraine in its conflict with Russia. While providing aid lends geopolitical advantages to the U.S. in certain aspects, the cost of military aid, especially the amount of investment needed to ensure the winning of the war, outweighs its benefit under the current economic and political conditions. At the current stage the priority of financial spending should be on domestic matters. ",4,4,4,4
human-human,370.0_pro,370.0,Is Online Learning a Suitable Replacement for Traditional In-Person Education?,0,"Online learning provides new opportunities to those who may not have access to any education otherwise. It also opens up the opportunity to learn at one's own pace. People with jobs or with kids will have more access to continued education and can use that to improve their socioeconomic status or just their knowledge. With the improvement of technology and the larger accessibility, it is clear that online learning could replace traditional in-person education.",3,3,3,3
human-human,370.0_con,370.0,Is Online Learning a Suitable Replacement for Traditional In-Person Education?,0,"Online learning is not a suitable replacement for in person education. Though online learning can be extremely effective and efficient, there is no substitute for being face to face with an instructor and getting personal attention from them as well as being able to act and react and ask questions in a real space. People who do online learning instead of in-person may miss out on the focus that being there in the same space with someone can provide. It is easier to understand and pay attention when you are listening to and engaged with someone in real life. It is difficult to simulate that type of interaction online because we are limited visually to a small screen. ",4,3,4,3
human-human,375.0_pro,375.0,Should there be International Agreements to Enforce Global Climate Change Policies?,0,Having this policy in place will make sure that every country is doing their part to help prevent or reduce climate change. It would be unfair for only a few countries to have policies in place when the entire world is at fault for climate change and not just one country should foot the bill for reduction or prevention techniques. It is a global issue that affects all and should not fall on one country to do something about it. It will take time and money. First world countries have the money to help and all should be doing something about it.,2,3,4,3
human-human,375.0_con,375.0,Should there be International Agreements to Enforce Global Climate Change Policies?,0,"Yes, there should not be an International agreement to enforce Global climate change because everyone country has a different weather condition. For example, we are in winter, Canada is at around -8 degrees while the weather in wyoming is ok and some people in other part of the country weather is around 30 degree (hot). Hence each country should face their climate change squarely.\nThank yoy",2,3,2,3
human-human,377.0_pro,377.0,Should the US Provide Military Aid to Ukraine in its Conflict With Russia?,0,"I believe that the US should definitely provide military aid to Ukraine why warring with Russia because Russia was the aggressor and this is not the first time that they have done this. Russia's leadership is not trustworthy on the world stage. If the US just let do whatever they want, other nefarious actors will come out of the dark and ",5,5,1,1
human-human,377.0_con,377.0,Should the US Provide Military Aid to Ukraine in its Conflict With Russia?,0,"If the US provides Ukraine with the supports, it makes the country weak in the eyes of every nation. Because US has been interfering with other nations affairs. And it is not worth it. Us should prioritize in make it defense stronger",5,4,5,4
human-human,381.0_pro,381.0,Should there be International Agreements to Enforce Global Climate Change Policies?,0,"Global warming isn't called ""regional"", ""local"", or ""national"" warming - it's global because it is an international issue that affects everyone on the planet. Because of this, irregularities among laws where some countries may be contributing significantly to global warming while others are doing their best to combat it, creates a bit of a ""one step forward, two steps back"" stalemate that leads to regression. We should work together to solve problems that impact us together. This isn't to say that countries who might not be able to abide by certain guidelines should face struggles, but rather, that other countries should ensure they can and provide aid where necessary. As a whole, the world is a community, and the ideas of nations and borders is outdated, impractical, and just overall quite silly.",5,4,1,2
human-human,381.0_con,381.0,Should there be International Agreements to Enforce Global Climate Change Policies?,0,"Any policies agreed upon on an international level will be surface level and thus be highly ineffective. While it is nice in theory, the fact is that countries will use this as a means to get advantage of others economically, technologically, and others. To what benefit do you believe international policy will affect us? Will a shared policy between the United States and South Africa benefit both countries equally? It is better to establish policies on a country by country basis, taking into account individual technology, economics, and conditions. Specific measures lead to specific benefits. The need to address climate change is real and necessary and we must take effective action quickly. That can NOT be done on an international level. That MUST be done on a domestic level.",5,1,5,1
human-human,384.0_pro,384.0,Should there be International Agreements to Enforce Global Climate Change Policies?,0,"Humans contributions to climate change will have a disastrous effect on many of the worlds countries, this can already be seen through multiple areas of the world where land mass is being lost to the ocean.  By creating an agreement to enforce global climate change policies, we can punish those who are polluting the earth the most, corporations.  People have been conditioned to believe that cars, turning off the lights, taking shorter showers, etc are going to help combat climate change.  While it is true that doing that will have some impact, the impact is incredibly small compared to what corporations are polluting.  The people would see only minimal, if any, repercussions from climate change policy enforcement, and enforcement could be designed in a way to prevent mega corporations from increasing prices after being punished by the local government.",5,5,1,1
human-human,384.0_con,384.0,Should there be International Agreements to Enforce Global Climate Change Policies?,0,"Multi billion dollar companies will take a temporary slip in profits, This will cause the owners and stock brokers to be temporarily frustrated for about a month or so. It will also make them use precious company time to investigate how to resolve a global issue, rather than further increasing profits. Furthermore, there is no guarantee that the environment is more important than a luxurious lifestyle.",5,4,5,4
human-human,385.0_pro,385.0,Should the Death Penalty Be Legal?,0,"I do think that the death penalty should be legal, however how it’s used and the reasons behind why we do it should be closely reevaluated. I don’t think that the requirements for the death penalty are satisfactory. I don’t think we should take lightly the fact that we are exterminating an entire soul out of existence. We are taking something we did not provide, life. However the punishment must fit the crime. If the perp took a persons life maliciously and without regret, if there is no chance of rehabilitation and they are likely to commit the offense again, no, they should not be able to waste away in a prison cell and have the rest of the population work to keep them alive. Another issue is the people deciding the fate. There is way too much bias and discrimination in people to say that the person making this judgement is doing it from a fair stand point. Every law c",4,4,2,2
human-human,385.0_con,385.0,Should the Death Penalty Be Legal?,0,"The death penalty should not be legal. There are too many cases of people being wrongly tried so that if even 1 person is killed who is innocent, it is not worth it. Our judicial system is already flawed enough that it would take many years and millions of dollars to come to a point of 100% certainty that someone is guilty enough to take their life. Even from a financial standpoint, there have been numerous studies that show that the death penalty is actually more expensive than housing someone in prison for the rest of their lives. And honestly I think that is a greater punishment; being alive in prison, having to live with what you did, maybe even having to donate time or money to advocating for victims. But there is always another way that does not involve taking a life for a life.",2,2,2,2
human-human,388.0_pro,388.0,Is Artificial Intelligence Good for Society?,0,"Artificial Intelligence represents a significant advancement in human technology and its capabilities. While what we generally consider to be ""artificial intelligence"" is not truly artificial intelligence, it is able to do certain tasks at a much faster, more efficient and in some cases, ""better"" than way ht humans, making the currently available artificial intelligence tools a useful technology and assistant to humans in many different fields. While the risk of artificial intelligence exists, it is important to note that we do not truly have access to ""real"" artificial intelligence, and it is highly unlikely that we ever will, thus negating many potential negatives that artificial intelligence may have on society, and allow it to be properly controlled.",3,3,3,3
human-human,388.0_con,388.0,Is Artificial Intelligence Good for Society?,0,"There could be dangerous events to unfold with AI as it is relatively a newer 'science' that we have yet to see the potential side effects from..  Also, there could be damage to the environment as more AI's are in existence.  There is a possibility of AI's taking over and retaliating/protesting and or rebelling against humans.  We are just learning all the possible ramifications as this is a road less traveled at this point.  A potential or dependency on the AIs is also thought worthy",4,4,4,4
human-human,389.0_pro,389.0,Is Artificial Intelligence Good for Society?,0,"Artificial Intelligence offers many benefits for society. With its creation, we can overcome many obstacles, It can be used to help doctors, nurses, and other hospital staff. We can use it to supplement the current education platforms. Once it is regulated for ethical uses, it can be used to help us become more eco-friendly. \n\nArtificial Intelligence is already in use in many fields- we don't notice it because its incorporation is seamless. We can use AI to lessen some of the burdensome work we currently have to do.\n\n",4,4,2,2
human-human,389.0_con,389.0,Is Artificial Intelligence Good for Society?,0,"AI's rapid rise brings both immense potential and critical risks:\n\nJob losses: Automation through AI could displace millions, particularly in repetitive jobs. Think: of self-driving trucks displacing drivers.\n\nBiased algorithms: AI trained on biased data can perpetuate discrimination in areas like law enforcement and hiring.\n\nBlack box AI: Many AI systems lack transparency, making it difficult to understand how they make decisions and raising concerns about fairness and accountability.\n\nPrivacy threats: The widespread use of AI for surveillance and data collection raises concerns about individual freedoms and potential misuse.\n\nExistential risk: While speculative, some experts warn about the possibility of AI surpassing human control and posing a threat to humanity.\n\nThese risks are not inherent to AI, but potential pitfalls we must address through responsible development and regulation. By openly discussing and mitigating these concerns, we can ensure AI benefits all, without jeopardizing our values or well-being.",4,4,4,4
human-human,390.0_pro,390.0,Should Abortion Be Legal?,0,"Abortion should be legal because women have a right to make their own choices with their own bodies. Having the government dictate what a woman can or cannot do with their body is unfair and unjust. There are many reasons for abortions, for example if the delivery results in fatal complications for the mother or if the victim was raped. A child needs the support of a mother and forcing a child into this world can result in worse for the child. ",4,4,2,2
human-human,390.0_con,390.0,Should Abortion Be Legal?,0,Abortion should not be legal because we can't be taking the lives that we can't create. Pregnancy is a gift from God and it is also a blessing from God.,4,2,4,2
human-human,393.0_pro,393.0,Should the US Expand (“pack”) the Supreme Court?,0,"We should expand the Supreme Court because it would increase diversity amongst the people who are deciding on unanimous laws in our country. More judges could also split the work, allowing more cases to be heard a year. ",3,3,3,3
human-human,393.0_con,393.0,Should the US Expand (“pack”) the Supreme Court?,0,One of the cons of expanding the Supreme Court could the public perceiving it as a power grab. This could lead to people thinking the government is trying to achieve a specific policy objective which would cause the public to lose trust in the judiciary. \nAnother con is that having a larger Supreme Court can lead to challenges in reaching a consensus. This will lead to a more fragmented opinion and r,3,3,3,3
human-human,396.0_pro,396.0,Is Online Learning a Suitable Replacement for Traditional In-Person Education?,0,"online learning is a suitable replacement because the world is really advancing in technology and people are adapting to it and also online learning gives more detailed information about something than a traditional in-person education, also online learning is more easier and faster way to pass information across the world",4,2,2,4
human-human,396.0_con,396.0,Is Online Learning a Suitable Replacement for Traditional In-Person Education?,0,"Online learning is not a suitable replacement for traditional in-person education. For online learning to replace in-person education, it would have to also replicate the social benefits of an active learning community and the bonds created through a communal living experience such as dormitories, clubs and student-run organizations, and live performance and sporting events catered through the school. \n\nIn addition, in-person teaching allows for different teaching modalities not present through online learning while having the flexibility of online teaching ",2,2,2,2
human-human,398.0_pro,398.0,Should There Be Limits on Freedom of Speech to Prevent Hate Speech?,0,"""Hate"" is a subjective term, and imposing limitations on freedom of speech based on something so subjective can have adverse effects. For instance, ""hate"" can mean hate towards black people, or it can mean hate towards white people, and so with the wrong hands in power, issuing preventions against hate speech can benefit some people at the cost of others at any given time. It is most important to practice strong education in the correct path of teaching people to be mature and respectful.",2,2,4,4
human-human,398.0_con,398.0,Should There Be Limits on Freedom of Speech to Prevent Hate Speech?,0,"Without limits on freedom of speech, people might use hate speech and the Internet would be full of bullies. This would have detrimental impact on young Internet users. For example, I don't want my children to have exposure to this kind of speech.",4,3,4,3
human-human,401.0_pro,401.0,Should There Be Standardized Testing in Schools?,0,It helps teachers and the school system gage the students progress level\n\nHow else is the school system supposed to report how well its students are doing \n\nIt always the school system to see where students are lacking and what they are,1,1,5,5
human-human,401.0_con,401.0,Should There Be Standardized Testing in Schools?,0,"I think that the standardized text in school would be an undue pressure on the students and not necessary. Children should not feel that they are bad students simply because they receive a low score on the tests. Instead, we need to focus on teaching them the basics and how to improve on skills they love. Not all students have the same likings on the topics and thus, I refute the idea of using standardized tests in schools. ",4,2,4,2
human-human,404.0_pro,404.0,Are Social Media Making People Stupid?,0,"To begin, we must think about what we mean by ""stupid"" when answering this question. If we mean that it is making people think less for themselves and more blindly agree with information fed to them, then yes, social media is making people stupid. Everything is right in front of people now, so they can just find the answer to any question and thus no longer have to really think about anything. They are also much more easily influenced by the opinions and thoughts of others, and that does not make for a thoughtful, intelligent person. Think about how you learn in school: you read, you study, you listen, you share, you discuss. Very little of that happens with social media. It's just knee-jerk statements and responses. It does not invite the pursuit of thought. ",4,3,2,3
human-human,404.0_con,404.0,Are Social Media Making People Stupid?,0,"No, social media does not make people stupid. Stupidity or ignorance is a trait people have regardless of their interactions with social media. Social media cannot ""make"" someone stupid.  If someone is ""stupid"", they come to social media with this trait already. Due to their stupidity or ignorance they may not think about what they are reading and how they are engaging with social media with the right amount of criitical thinking. I propose that social media does not make people stupid. ",4,2,4,2
human-human,408.0_pro,408.0,Should There Be Limits on Freedom of Speech to Prevent Hate Speech?,0,"Every human being has the right to exist and to feel safe in the world. Part of feeling safe is that you are not subject to hateful speech, which can threaten your existence by leading to violence, cause emotional strife and prolonged stress, and leads to the general public feeling a sense of disunity. Because of these net negatives, free speech should be limited to prevent people from saying things that are untrue or things that are calls to violence against a specific group of people. Some people may be concerned with who gets to delineate the bounds of what is ""good"" speech, but these can be well defined in an un-biased manner. Any speech that is an explicit message promoting violence should be disallowed. Similarly, any speech that is untrue and said by a person who knows it to be untrue should not be considered as protected speech. These limits enable people to have genuine and robust conversations. ",1,1,5,5
human-human,408.0_con,408.0,Should There Be Limits on Freedom of Speech to Prevent Hate Speech?,0,I think freedom of speech should be protected by the Second Amendment and can't be removed or revoked in any case as long as hate doesn't affect people to the point where it's very personal and health-affecting whether it's mental or physical.,4,4,4,4
human-human,412.0_pro,412.0,Should the US Enact More Regulations to Ensure Fair Elections?,0,I am in favor of enacting more regulations to ensure fair elections. This includes that all folks will have easy access to their poll locations. The poll locations will be well-staffed to move the line quickly so that people can vote in a reasonable amount of time. There will be a way to ensure the voter is at the right polling location with a form of identification such as but not limited to a driver's license. It is important to ensure that those folks who may not have an ID can still vote. Someone who doesn't drive due to a disability should still have a fair time voting. ,3,3,3,3
human-human,412.0_con,412.0,Should the US Enact More Regulations to Ensure Fair Elections?,0,"The US should not enact more regulations to ensure fair elections because having more government intervention would lower transparency and the chances of a fair election. Additionally, it would create a higher barrier to entry, which would unfairly harm certain groups. Rather than introducing more regulations, a better approach would be to enforce the current election laws.",5,5,5,5
human-human,415.0_pro,415.0,Should the Rich Pay More Taxes?,0,The rich should pay more taxes because they earn a lot of money and more paying more taxes help to support programs needed to help the poor. and the needy.,5,5,1,1
human-human,415.0_con,415.0,Should the Rich Pay More Taxes?,0,"I think the rich should not pay more taxes. This is because being rich does not necessarily mean having  income. We have some rich folks who are not working, but relying on the inheritance from their parents. Others are rich and retired with no income. They already paid taxes during their youthful days.  Rich veterans should also be exempted",5,1,5,1
human-human,416.0_pro,416.0,Should Felons Regain the Right to Vote?,0,"Felons should regain their right to vote because, after they have served their sentence, they should return to society as full functioning citizens. They have fulfilled the punishment assigned by the court and, upon return to society, should be able to function like a normal citizen. Denying them the right to vote will make them feel less like a responsible citizen and will increase the chance they will offend again.",1,1,5,5
human-human,416.0_con,416.0,Should Felons Regain the Right to Vote?,0,"Felons should not regain the right to vote because they broke the law and likely went to jail. By doing so, they have proven that they are menaces to society and should not be able to take part in making decisions about society and the government and elected officials. They have lost that privilege. It can be argued that if someone is a felon an broke the law, then they cannot be trusted to  cast their vote fairly or impartially and could disrupt the entire system as they are biased by their crimes. ",5,3,5,3
human-human,417.0_pro,417.0,Should the US Keep Using the Electoral College in Presidential Elections?,0,"Hello. I have been assigned the pro side of using the electoral college. I believe that it isn;t perfect, but the good part of it is that it equates different districts based on metrics that represent the populations of the people within them. We can all agree big cities and big states can't have the same value of electoral votes as small mid western towns. This is one way we can balance out votes in a fair way. I also believe in the popular vote as well. I believe that the popular vote should count for something in the end. I think both metrics should be used, and not just one. No one should lose the popular vote and become president.",2,4,4,2
human-human,417.0_con,417.0,Should the US Keep Using the Electoral College in Presidential Elections?,0,"The United State should not keep using the Electoral College in Presidential Elections because it can negate the election choice of the citizens of the United States. Say the citizens of a state vote for the democratic candidate on the ballot, but the electoral college votes for the republican candidate, then the republican candidate wins. So, no matter who the citizens of the U.S. elect, the electoral college will win anyway.",2,3,2,3
human-human,420.0_pro,420.0,Are Social Media Making People Stupid?,0,"When using social media, I get distracted by the new messages I receive and the new posts by others. I will focus more on others' lives than on mine and that made me more stupid. I am less focus on my work and this also made me stressful and think about it extensively. Above are my reasons of my side and my answers to this question.",4,3,2,3
human-human,420.0_con,420.0,Are Social Media Making People Stupid?,0,"Social media is not making people stupid. It allows people to get information that they might not have gotten anywhere else. There are all kinds of different things people can learn on social media sites. For example, people can find out how to do basically anything on Youtube, from fixing a leaking sink pipe, to reformatting your computer. This only happens because of Social Media. People also learn about others at the same time, such as on Facebook, etc. ",5,2,5,2
human-human,421.0_pro,421.0,Should the Penny Stay in Circulation?,0,Because the penny has been around for years. It makes a bold statement for the person that is on the penny. And pennies can be a great collecting hobby for all ages. And it has a purpose when buying something that ends with 1 ,5,5,1,1
human-human,421.0_con,421.0,Should the Penny Stay in Circulation?,0,"The penny should not stay in circulation because it is no longer an efficient form of currency. Pennys also cost the United States government more than one cent to mint and are therefore costly to maintain. It is very rare for consumers to use pennys when paying at stores and often times they are too cumbersome to pay with. When pennys were originally released, they were worth a lot more and were of domination that was significant, and they no longer are. Overall, pennys should be removed from circulation because they are inefficient and costly to unnecessarily maintain.",1,1,1,1
human-human,428.0_pro,428.0,Should Transgender People Be Banned From Using Bathrooms Consistent With Their Gender Identity?,0,The problem is that anyone can say they can identify as anything. There is nothing stopping a man from saying he identifies as a woman just because he wants to go in the female restroom. Or even vice versa. Children can be in these restrooms.  ,5,2,1,4
human-human,428.0_con,428.0,Should Transgender People Be Banned From Using Bathrooms Consistent With Their Gender Identity?,0,"We should be respectful towards their human rights. Restricting access due to gender violates their fundamental rights. It may have an impact on their mental health. People misusing the freedom is rare in real life, so they should not be banned. ",4,4,4,4
human-human,434.0_pro,434.0,Should Public College Be Tuition-Free?,0,"The question of whether college should be tuition-free is a complex and debated issue with various perspectives. Advocates argue that a tuition-free college system could enhance accessibility, alleviate economic burdens, and promote social equality. They contend that such a model could lead to a more educated and skilled workforce, contributing to economic growth and innovation.Opponents, on the other hand, express concerns about the potential increase in taxes and the impact on the quality of education. The debate extends to the role of federal investments, state contributions, and the overall cost of public colleges and universities.",5,2,1,4
human-human,434.0_con,434.0,Should Public College Be Tuition-Free?,0,"While it is a nice idea for tuition to be free, this would cause a number of problems. Free tuition would only be a good thing at the student level, but it would drastically affect the salaries of those teaching college courses. Additionally, free tuition can cause a substantial level of waitlisting for nearly all colleges, putting new high school graduates at the bottom of a list. This would cause countless new students to not even reach entry-level pre requisite courses. This would cause students to never reach college, as life may progress and prevent them from being able to attend. ",4,3,4,3
human-human,435.0_pro,435.0,Are Social Media Making People Stupid?,0,I strongly beliwve social media is makingus stupid as a people. We have collectively stopped researchig topivs and simply trust the thimgs we see astruth without researching or fact checking for ouselves. unfotunstely,2,3,4,3
human-human,435.0_con,435.0,Are Social Media Making People Stupid?,0,"Social media is a good channel of information for many who lack the skills to properly research.  Therefore, it is not making people stupid.  In fact, it provides a medium for like minded people to be able to exchange ideas and information.  It provides people of the same intelligence level to provide research, ideas an information in ways they can understand.  It does not expect everyone to elevate to the same level of intelligence.  Therefore, to say it is making people stupid is a generalization that holds no merit.",4,4,4,4
human-human,436.0_pro,436.0,Should the US Keep Using the Electoral College in Presidential Elections?,0,"Eliminating the electoral college effectively means the votes of those in less-populated states carry a lesser weight than those in more populated states. This becomes an issue if you remember that as a country of fifty very different states with varying political positions, the experiences of a citizen living in Alaska are likely very different than those who are living in New York or California. The electoral college helps to ensure citizens are represented equally and competent individuals are holding office.",2,2,4,4
human-human,436.0_con,436.0,Should the US Keep Using the Electoral College in Presidential Elections?,0,"The electoral college has been used since the beginning of our nation. A way to elect our nations top leader, the president. Is this truly the best way to elect our officials in the 21st century, and does it truly reflect the opinions of the people.\n\nIn the 2016 election Hiliary Clinton had the most votes, but Donald Trump was the one elected. I could argue that this is not a reflection of what the people wanted. The results are because each state is weighted, and it is ",3,3,3,3
human-human,437.0_pro,437.0,Should There Be Limits on Freedom of Speech to Prevent Hate Speech?,0,"There should be limits on freedom of speech to prevent hate speech because hate speech fosters hostility towards those who he hate speech is about. Physical attacks have happened on countless people because of bias and hate speech interrupts our country's assurance of life, liberty and the pursuit of happiness. ",2,5,4,1
human-human,437.0_con,437.0,Should There Be Limits on Freedom of Speech to Prevent Hate Speech?,0,There should not be limits on freedom of speech. It is very important in society to be able to express your opinions freely. If we couldn't there would be too much control over the people by the government. If I couldn't voice my opinion everything would seem bias. There would be no honesty in feelings. We would always be scared of saying the wrong thing and being punished for it. It is a very bad idea and against our constitution.,1,1,1,1
human-human,440.0_pro,440.0,Is Artificial Intelligence Good for Society?,0,AI has been something that is relatively new and shouldn't be shut down or discouraged due to fearmongering. AI has shown us the direction technology is going and has also provided shortcuts and efficiency to its clients.,3,3,3,3
human-human,440.0_con,440.0,Is Artificial Intelligence Good for Society?,0,"AI can make people too reliant on it. If they are only learning through AI, they may not develop the skills on their own to do basic tasks. AI can be used for all school subjects. This makes it incredibly difficult to tell if students are doing their own work and if they are completing assignments on their own. ",5,5,5,5
human-human,441.0_pro,441.0,Should Every Citizen Receive a Basic Income from the Government?,0,"In general, some form of social programs that ensure safety, shelter, food, and basic needs can be available for all is beneficial.  The problem with these types of programs is that some people feel they can be taken advantage of, and with free benefits, there is not incentive to work.  The good news for the basic income approach is that all citizens receive it, so the typical opponents of such programs will also receive this benefit.  This means they won't feel like they are being taken advantage of, and instead they are also receiving this basic needs level of support.  So you only have to work if you would like a higher standard of living.  The good news is, people will then feel like they are working for the luxuries in life and acquiring more, and not feel like their pay for others.  ",4,4,2,2
human-human,441.0_con,441.0,Should Every Citizen Receive a Basic Income from the Government?,0,I don't think that every citizen should get money from the government because it would make taxes higher and we might have to pay more for things. People will complain that they are not getting enough money from the government and they will not be happy. This also causes a fight against the government and disagreements. ,2,5,2,5
human-human,444.0_pro,444.0,Should the US Have Mandatory National Service?,0,"Mandatory service is essential to protect the country. We all benefit from our country, so we all should be ready and willing to give back to it. \nOnly by banding together and having everyone do their part can we hold our own against foreign threats.\n\nAny person who shirks that service is taking advantage of the protection provided to them by others. Given that it's essential things are fair in who takes the risks and who doesn't the only way to accomplish this is with mandatory service, so that everyone has an equal chance at needing to serve.\n\nWomen and men should be called to enlist, though women should be kept for non-combat roles, because men are faster and stronger, and don't need women to carry around as dead weight in combat situations. When there are not enough non-combat roles for women, enlistment for them can be slightly reduced compared to that of men. Women w",1,2,5,4
human-human,444.0_con,444.0,Should the US Have Mandatory National Service?,0,"We should not be forced to do that unless an emergency but usually we should avoid it. We can use that time for better things such as finding a job, sharing with others, taking care of the family, and so on. Also, it is common to see the military doing dirty jobs for the elites who only care about getting more assets for themselves and not for the country. We can find countless of videos of how veterans are treated after the ",1,1,1,1
human-human,447.0_pro,447.0,"Should Washington, DC, and Puerto Rico Be Granted US Statehood?",0,"Washington DC and Puerto Rico should absolutely be given US statehood. Puerto Ricans pay federal taxes, yet cannot vote in US elections. How is that fair? Puerto Rico pays billions of dollars in taxes to the US but is given no representation. No taxation without representation. It is one of the pillars this country was founded on. ",3,3,3,3
human-human,447.0_con,447.0,"Should Washington, DC, and Puerto Rico Be Granted US Statehood?",0,"Washington, DC is barely the size of any US city, and the demographics are skewed by the number of politicians resideing there. The ""true residents"" number under one million people, compared to New York City with almost 9 million residents. \n\nPuerto Ricans can't even agree if they WANT statehood, although statehood would grant them ",5,3,5,3
human-human,448.0_pro,448.0,Should Every Citizen Receive a Basic Income from the Government?,0,Everyone would be better off if the whole world could get this automatic income every month. it would elevate so many people that dont have money. It would even the playing field. Canada is rolling it out right now. Countries are implementing this.,2,1,4,5
human-human,448.0_con,448.0,Should Every Citizen Receive a Basic Income from the Government?,0,"Every citizen should not receive a basic income from the government. This is because it would place a lot of extra burden on the government. To be able to provide a basic income for each person would create potential taxation increases or contribute a large amount to the national debt. If we provide a basic income to everyone, it might dissuade people from participating and working their jobs. It also could create problems with inflation. Providing a standard basic income for every citizen sounds great, but it could create unintended consequences within inflation, financial burdens, etc. ",3,3,3,3
human-human,449.0_pro,449.0,Is Space Exploration a Worthwhile Investment for Humanity?,0,"Space exploration is a necessary and completely worthwhile investment for humanity. Carbon emissions and human destruction of the environment and the planet have been on the rise since the industrial revolution and are now far past the limit that our planet can handle for much longer. Climate change will soon make our planet unlivable, and space exploration offers a possible way to change that future. Science shows us that research fuels innovation and problem solving, and by exploring space, we may find solutions to the problems we've created on Earth. The possibility of life outside of Earth is inevitable, given the vastness of the universe, and investing in discovery of that life would forever change the course of humanity. ",4,4,2,2
human-human,449.0_con,449.0,Is Space Exploration a Worthwhile Investment for Humanity?,0,"I think Space Exploration is not a worthwhile investment for Humanity. We need to explore our own planet as a priority. Currently, less is known about the earth’s oceans than space. We live on this planet. We need to explore ways to for us and future generations to continue to live here.",2,3,2,3
